CD_MUN,MUN,AREA_KM2,16,21,22,29,30,35,45,50,55,80,vencedor_votacao,total,% VOTACAO,vencedor,% 16,% 21,% 22,% 29,% 30,% 35,% 45,% 50,% 55,% 80
3100104,ABADIA DOS DOURADOS - MG,880.461,1,2,156,0,2503,9,17,9,1298,5,2503,4000,62.58,30,0.03,0.05,3.90,0.00,62.58,0.22,0.43,0.22,32.45,0.12
3100203,ABAETÉ - MG,1817.067,9,8,682,0,7778,22,198,27,3546,14,7778,12284,63.32,30,0.07,0.07,5.55,0.00,63.32,0.18,1.61,0.22,28.87,0.11
3100302,ABRE CAMPO - MG,470.551,12,8,410,0,3316,13,191,22,3648,13,3648,7633,47.79,55,0.16,0.10,5.37,0.00,43.44,0.17,2.50,0.29,47.79,0.17
3100401,ACAIACA - MG,101.886,1,2,93,0,847,0,16,5,1203,1,1203,2168,55.49,55,0.05,0.09,4.29,0.00,39.07,0.00,0.74,0.23,55.49,0.05
3100500,AÇUCENA - MG,815.422,7,5,261,0,1943,10,146,1,2140,5,2140,4518,47.37,55,0.15,0.11,5.78,0.00,43.01,0.22,3.23,0.02,47.37,0.11
3100609,ÁGUA BOA - MG,1320.344,0,6,387,0,2983,13,25,6,3351,6,3351,6777,49.45,55,0.00,0.09,5.71,0.00,44.02,0.19,0.37,0.09,49.45,0.09
3100708,ÁGUA COMPRIDA - MG,492.167,5,1,102,0,1029,26,2,1,367,3,1029,1536,66.99,30,0.33,0.07,6.64,0.00,66.99,1.69,0.13,0.07,23.89,0.20
3100807,AGUANIL - MG,232.091,3,1,117,0,1745,6,7,5,671,8,1745,2563,68.08,30,0.12,0.04,4.56,0.00,68.08,0.23,0.27,0.20,26.18,0.31
3100906,ÁGUAS FORMOSAS - MG,820.0789999999998,1,4,389,0,5371,13,91,18,3985,12,5371,9884,54.34,30,0.01,0.04,3.94,0.00,54.34,0.13,0.92,0.18,40.32,0.12
3101003,ÁGUAS VERMELHAS - MG,1256.607,1,9,214,0,3061,48,22,2,2598,1,3061,5956,51.39,30,0.02,0.15,3.59,0.00,51.39,0.81,0.37,0.03,43.62,0.02
3101102,AIMORÉS - MG,1348.913,4,8,944,0,7393,36,27,38,3992,10,7393,12452,59.37,30,0.03,0.06,7.58,0.00,59.37,0.29,0.22,0.31,32.06,0.08
3101201,AIURUOCA - MG,649.68,4,5,167,0,2103,3,44,15,909,5,2103,3255,64.61,30,0.12,0.15,5.13,0.00,64.61,0.09,1.35,0.46,27.93,0.15
3101300,ALAGOA - MG,161.356,0,2,71,0,1423,0,6,5,232,0,1423,1739,81.83,30,0.00,0.12,4.08,0.00,81.83,0.00,0.35,0.29,13.34,0.00
3101409,ALBERTINA - MG,58.01,0,2,161,0,1640,0,13,2,196,1,1640,2015,81.39,30,0.00,0.10,7.99,0.00,81.39,0.00,0.65,0.10,9.73,0.05
3101508,ALÉM PARAÍBA - MG,510.25,9,26,767,0,11987,20,227,77,5616,28,11987,18757,63.91,30,0.05,0.14,4.09,0.00,63.91,0.11,1.21,0.41,29.94,0.15
3101607,ALFENAS - MG,850.446,35,81,2498,0,27012,62,145,266,10596,84,27012,40779,66.24,30,0.09,0.20,6.13,0.00,66.24,0.15,0.36,0.65,25.98,0.21
3101631,ALFREDO VASCONCELOS - MG,130.815,1,6,205,0,2358,8,15,8,1380,5,2358,3986,59.16,30,0.03,0.15,5.14,0.00,59.16,0.20,0.38,0.20,34.62,0.13
3101706,ALMENARA - MG,2294.426,10,8,1372,0,5996,24,91,29,11674,8,11674,19212,60.76,55,0.05,0.04,7.14,0.00,31.21,0.12,0.47,0.15,60.76,0.04
3101805,ALPERCATA - MG,166.972,2,0,307,0,1961,6,19,7,1692,0,1961,3994,49.10,30,0.05,0.00,7.69,0.00,49.10,0.15,0.48,0.18,42.36,0.00
3101904,ALPINÓPOLIS - MG,460.685,6,5,659,0,7349,17,56,32,2706,18,7349,10848,67.75,30,0.06,0.05,6.07,0.00,67.75,0.16,0.52,0.29,24.94,0.17
3102001,ALTEROSA - MG,362.01,6,4,392,0,5721,4,21,11,2366,6,5721,8531,67.06,30,0.07,0.05,4.60,0.00,67.06,0.05,0.25,0.13,27.73,0.07
3102050,ALTO CAPARAÓ - MG,103.69,0,2,223,0,2406,2,15,10,695,2,2406,3355,71.71,30,0.00,0.06,6.65,0.00,71.71,0.06,0.45,0.30,20.72,0.06
3102100,ALTO RIO DOCE - MG,518.053,4,4,202,0,3531,8,26,29,2427,7,3531,6238,56.60,30,0.06,0.06,3.24,0.00,56.60,0.13,0.42,0.46,38.91,0.11
3102209,ALVARENGA - MG,278.175,1,0,180,0,1330,0,10,4,1593,5,1593,3123,51.01,55,0.03,0.00,5.76,0.00,42.59,0.00,0.32,0.13,51.01,0.16
3102308,ALVINÓPOLIS - MG,599.443,4,10,235,0,3687,9,82,17,4530,5,4530,8579,52.80,55,0.05,0.12,2.74,0.00,42.98,0.10,0.96,0.20,52.80,0.06
3102407,ALVORADA DE MINAS - MG,374.008,2,0,88,0,1173,2,52,9,1221,1,1221,2548,47.92,55,0.08,0.00,3.45,0.00,46.04,0.08,2.04,0.35,47.92,0.04
3102506,AMPARO DO SERRA - MG,136.186,1,2,87,0,989,2,9,3,1990,1,1990,3084,64.53,55,0.03,0.06,2.82,0.00,32.07,0.06,0.29,0.10,64.53,0.03
3102605,ANDRADAS - MG,469.396,11,25,1147,0,15693,24,88,76,2923,19,15693,20006,78.44,30,0.05,0.12,5.73,0.00,78.44,0.12,0.44,0.38,14.61,0.09
3102704,CACHOEIRA DE PAJEÚ - MG,695.672,1,1,677,0,1575,7,10,6,2020,3,2020,4300,46.98,55,0.02,0.02,15.74,0.00,36.63,0.16,0.23,0.14,46.98,0.07
3102803,ANDRELÂNDIA - MG,1005.285,1,3,257,0,3555,11,111,14,2102,5,3555,6059,58.67,30,0.02,0.05,4.24,0.00,58.67,0.18,1.83,0.23,34.69,0.08
3102852,ANGELÂNDIA - MG,185.211,1,6,188,0,2736,6,11,10,1112,3,2736,4073,67.17,30,0.02,0.15,4.62,0.00,67.17,0.15,0.27,0.25,27.30,0.07
3102902,ANTÔNIO CARLOS - MG,529.915,4,5,275,0,3386,12,47,22,2308,8,3386,6067,55.81,30,0.07,0.08,4.53,0.00,55.81,0.20,0.77,0.36,38.04,0.13
3103009,ANTÔNIO DIAS - MG,787.061,2,3,289,0,3077,16,26,10,2306,9,3077,5738,53.62,30,0.03,0.05,5.04,0.00,53.62,0.28,0.45,0.17,40.19,0.16
3103108,ANTÔNIO PRADO DE MINAS - MG,83.802,0,1,47,0,889,1,10,5,405,0,889,1358,65.46,30,0.00,0.07,3.46,0.00,65.46,0.07,0.74,0.37,29.82,0.00
3103207,ARAÇAÍ - MG,187.538,6,1,84,0,880,1,3,2,695,1,880,1673,52.60,30,0.36,0.06,5.02,0.00,52.60,0.06,0.18,0.12,41.54,0.06
3103306,ARACITABA - MG,106.608,1,1,55,0,1205,2,10,7,451,1,1205,1733,69.53,30,0.06,0.06,3.17,0.00,69.53,0.12,0.58,0.40,26.02,0.06
3103405,ARAÇUAÍ - MG,2236.279,10,7,970,0,6123,13,66,28,8885,8,8885,16110,55.15,55,0.06,0.04,6.02,0.00,38.01,0.08,0.41,0.17,55.15,0.05
3103504,ARAGUARI - MG,2729.777,50,69,3768,0,44795,106,231,283,11653,112,44795,61067,73.35,30,0.08,0.11,6.17,0.00,73.35,0.17,0.38,0.46,19.08,0.18
3103603,ARANTINA - MG,89.42,0,4,43,0,809,4,23,7,919,0,919,1809,50.80,55,0.00,0.22,2.38,0.00,44.72,0.22,1.27,0.39,50.80,0.00
3103702,ARAPONGA - MG,303.793,8,1,184,0,1406,6,44,14,2525,4,2525,4192,60.23,55,0.19,0.02,4.39,0.00,33.54,0.14,1.05,0.33,60.23,0.10
3103751,ARAPORÃ - MG,294.354,6,0,175,0,3385,0,13,10,823,2,3385,4414,76.69,30,0.14,0.00,3.96,0.00,76.69,0.00,0.29,0.23,18.65,0.05
3103801,ARAPUÁ - MG,173.894,4,6,138,0,1521,3,10,4,469,0,1521,2155,70.58,30,0.19,0.28,6.40,0.00,70.58,0.14,0.46,0.19,21.76,0.00
3103900,ARAÚJOS - MG,245.522,9,4,179,0,3604,1,7,8,841,4,3604,4657,77.39,30,0.19,0.09,3.84,0.00,77.39,0.02,0.15,0.17,18.06,0.09
3104007,ARAXÁ - MG,1164.062,22,50,1281,0,48341,43,123,157,6236,64,48341,56317,85.84,30,0.04,0.09,2.27,0.00,85.84,0.08,0.22,0.28,11.07,0.11
3104106,ARCEBURGO - MG,162.875,3,10,241,0,3416,8,27,19,1077,13,3416,4814,70.96,30,0.06,0.21,5.01,0.00,70.96,0.17,0.56,0.39,22.37,0.27
3104205,ARCOS - MG,509.873,18,27,1099,0,16375,20,51,37,4417,27,16375,22071,74.19,30,0.08,0.12,4.98,0.00,74.19,0.09,0.23,0.17,20.01,0.12
3104304,AREADO - MG,283.124,13,4,400,0,5966,8,17,34,1514,8,5966,7964,74.91,30,0.16,0.05,5.02,0.00,74.91,0.10,0.21,0.43,19.01,0.10
3104403,ARGIRITA - MG,159.378,0,1,64,0,1336,2,85,5,582,2,1336,2077,64.32,30,0.00,0.05,3.08,0.00,64.32,0.10,4.09,0.24,28.02,0.10
3104452,ARICANDUVA - MG,243.329,2,2,120,0,1585,2,4,10,1140,6,1585,2871,55.21,30,0.07,0.07,4.18,0.00,55.21,0.07,0.14,0.35,39.71,0.21
3104502,ARINOS - MG,5279.419,2,7,415,0,4387,14,28,22,3645,8,4387,8528,51.44,30,0.02,0.08,4.87,0.00,51.44,0.16,0.33,0.26,42.74,0.09
3104601,ASTOLFO DUTRA - MG,158.891,3,2,408,0,4971,12,33,24,2229,0,4971,7682,64.71,30,0.04,0.03,5.31,0.00,64.71,0.16,0.43,0.31,29.02,0.00
3104700,ATALÉIA - MG,1836.925,5,4,242,0,3001,15,17,9,3382,8,3382,6683,50.61,55,0.07,0.06,3.62,0.00,44.90,0.22,0.25,0.13,50.61,0.12
3104809,AUGUSTO DE LIMA - MG,1254.832,3,2,270,0,1095,2,17,5,1170,3,1170,2567,45.58,55,0.12,0.08,10.52,0.00,42.66,0.08,0.66,0.19,45.58,0.12
3104908,BAEPENDI - MG,750.5539999999999,3,7,1107,0,6716,27,186,40,2452,6,6716,10544,63.69,30,0.03,0.07,10.50,0.00,63.69,0.26,1.76,0.38,23.25,0.06
3105004,BALDIM - MG,556.266,11,2,362,0,2210,6,28,6,2264,2,2264,4891,46.29,55,0.22,0.04,7.40,0.00,45.19,0.12,0.57,0.12,46.29,0.04
3105103,BAMBUÍ - MG,1455.819,6,8,450,0,7917,20,66,30,3843,19,7917,12359,64.06,30,0.05,0.06,3.64,0.00,64.06,0.16,0.53,0.24,31.09,0.15
3105202,BANDEIRA - MG,483.789,4,2,68,0,1562,5,10,2,1063,0,1562,2716,57.51,30,0.15,0.07,2.50,0.00,57.51,0.18,0.37,0.07,39.14,0.00
3105301,BANDEIRA DO SUL - MG,47.266,1,6,153,0,2759,4,13,13,650,4,2759,3603,76.58,30,0.03,0.17,4.25,0.00,76.58,0.11,0.36,0.36,18.04,0.11
3105400,BARÃO DE COCAIS - MG,340.14,32,23,1051,0,7640,25,75,46,6997,15,7640,15904,48.04,30,0.20,0.14,6.61,0.00,48.04,0.16,0.47,0.29,44.00,0.09
3105509,BARÃO DE MONTE ALTO - MG,198.313,0,3,218,0,1576,2,43,11,1870,3,1870,3726,50.19,55,0.00,0.08,5.85,0.00,42.30,0.05,1.15,0.30,50.19,0.08
3105608,BARBACENA - MG,759.186,69,77,4614,0,36103,220,300,313,22529,91,36103,64316,56.13,30,0.11,0.12,7.17,0.00,56.13,0.34,0.47,0.49,35.03,0.14
3105707,BARRA LONGA - MG,383.628,1,1,86,0,1247,0,28,6,2177,1,2177,3547,61.38,55,0.03,0.03,2.42,0.00,35.16,0.00,0.79,0.17,61.38,0.03
3105905,BARROSO - MG,82.06999999999998,12,12,374,0,7082,19,35,49,3403,12,7082,10998,64.39,30,0.11,0.11,3.40,0.00,64.39,0.17,0.32,0.45,30.94,0.11
3106002,BELA VISTA DE MINAS - MG,109.143,3,11,266,0,2198,5,32,21,2965,11,2965,5512,53.79,55,0.05,0.20,4.83,0.00,39.88,0.09,0.58,0.38,53.79,0.20
3106101,BELMIRO BRAGA - MG,393.086,1,0,87,0,1428,2,16,19,647,0,1428,2200,64.91,30,0.05,0.00,3.95,0.00,64.91,0.09,0.73,0.86,29.41,0.00
3106200,BELO HORIZONTE - MG,331.354,2818,2131,129153,0,655517,1484,7727,7070,598955,2758,655517,1407613,46.57,30,0.20,0.15,9.18,0.00,46.57,0.11,0.55,0.50,42.55,0.20
3106309,BELO ORIENTE - MG,334.909,9,21,878,0,6804,30,80,33,4576,14,6804,12445,54.67,30,0.07,0.17,7.06,0.00,54.67,0.24,0.64,0.27,36.77,0.11
3106408,BELO VALE - MG,365.923,4,3,220,0,2703,3,31,16,2543,2,2703,5525,48.92,30,0.07,0.05,3.98,0.00,48.92,0.05,0.56,0.29,46.03,0.04
3106507,BERILO - MG,587.106,2,2,139,0,1775,3,31,2,2923,2,2923,4879,59.91,55,0.04,0.04,2.85,0.00,36.38,0.06,0.64,0.04,59.91,0.04
3106606,BERTÓPOLIS - MG,427.803,2,2,84,0,985,0,15,1,1620,1,1620,2710,59.78,55,0.07,0.07,3.10,0.00,36.35,0.00,0.55,0.04,59.78,0.04
3106655,BERIZAL - MG,488.756,4,0,97,0,1407,2,28,5,1187,2,1407,2732,51.50,30,0.15,0.00,3.55,0.00,51.50,0.07,1.02,0.18,43.45,0.07
3106705,BETIM - MG,343.884,316,258,30111,0,90243,220,1004,678,84638,261,90243,207729,43.44,30,0.15,0.12,14.50,0.00,43.44,0.11,0.48,0.33,40.74,0.13
3106804,BIAS FORTES - MG,283.535,1,1,60,0,1603,1,39,2,841,1,1603,2549,62.89,30,0.04,0.04,2.35,0.00,62.89,0.04,1.53,0.08,32.99,0.04
3106903,BICAS - MG,140.082,7,16,466,0,4388,7,119,64,2518,11,4388,7596,57.77,30,0.09,0.21,6.13,0.00,57.77,0.09,1.57,0.84,33.15,0.14
3107000,BIQUINHAS - MG,458.948,0,2,76,0,1023,2,319,0,323,3,1023,1748,58.52,30,0.00,0.11,4.35,0.00,58.52,0.11,18.25,0.00,18.48,0.17
3107109,BOA ESPERANÇA - MG,860.669,62,20,1219,0,12981,39,92,41,5491,24,12981,19969,65.01,30,0.31,0.10,6.10,0.00,65.01,0.20,0.46,0.21,27.50,0.12
3107208,BOCAINA DE MINAS - MG,503.77,2,2,137,0,2077,1,49,13,633,4,2077,2918,71.18,30,0.07,0.07,4.69,0.00,71.18,0.03,1.68,0.45,21.69,0.14
3107307,BOCAIÚVA - MG,3206.757,8,20,1152,0,9439,21,67,68,13752,18,13752,24545,56.03,55,0.03,0.08,4.69,0.00,38.46,0.09,0.27,0.28,56.03,0.07
3107406,BOM DESPACHO - MG,1213.546,22,38,2572,0,16966,85,153,71,5507,47,16966,25461,66.64,30,0.09,0.15,10.10,0.00,66.64,0.33,0.60,0.28,21.63,0.18
3107505,BOM JARDIM DE MINAS - MG,412.021,1,3,200,0,2039,7,69,13,1487,10,2039,3829,53.25,30,0.03,0.08,5.22,0.00,53.25,0.18,1.80,0.34,38.84,0.26
3107604,BOM JESUS DA PENHA - MG,208.349,1,2,130,0,1876,2,4,11,420,1,1876,2447,76.67,30,0.04,0.08,5.31,0.00,76.67,0.08,0.16,0.45,17.16,0.04
3107703,BOM JESUS DO AMPARO - MG,195.611,3,0,151,0,1523,2,13,4,1598,3,1598,3297,48.47,55,0.09,0.00,4.58,0.00,46.19,0.06,0.39,0.12,48.47,0.09
3107802,BOM JESUS DO GALHO - MG,592.289,5,6,497,0,3903,7,37,8,3503,7,3903,7973,48.95,30,0.06,0.08,6.23,0.00,48.95,0.09,0.46,0.10,43.94,0.09
3107901,BOM REPOUSO - MG,229.845,0,6,224,0,4874,16,27,10,1391,12,4874,6560,74.30,30,0.00,0.09,3.41,0.00,74.30,0.24,0.41,0.15,21.20,0.18
3108008,BOM SUCESSO - MG,705.046,12,12,725,0,5752,10,49,27,2895,13,5752,9495,60.58,30,0.13,0.13,7.64,0.00,60.58,0.11,0.52,0.28,30.49,0.14
3108107,BONFIM - MG,301.865,6,3,303,0,2368,5,32,15,1766,4,2368,4502,52.60,30,0.13,0.07,6.73,0.00,52.60,0.11,0.71,0.33,39.23,0.09
3108206,BONFINÓPOLIS DE MINAS - MG,1850.487,2,3,259,0,1514,2,10,2,1457,6,1514,3255,46.51,30,0.06,0.09,7.96,0.00,46.51,0.06,0.31,0.06,44.76,0.18
3108255,BONITO DE MINAS - MG,3936.455,3,6,147,0,2109,4,8,6,2696,2,2696,4981,54.13,55,0.06,0.12,2.95,0.00,42.34,0.08,0.16,0.12,54.13,0.04
3108305,BORDA DA MATA - MG,301.108,3,11,377,0,6895,9,45,32,1553,8,6895,8933,77.19,30,0.03,0.12,4.22,0.00,77.19,0.10,0.50,0.36,17.38,0.09
3108404,BOTELHOS - MG,334.089,5,6,325,0,5371,12,29,23,2660,14,5371,8445,63.60,30,0.06,0.07,3.85,0.00,63.60,0.14,0.34,0.27,31.50,0.17
3108503,BOTUMIRIM - MG,1568.884,0,5,102,0,1433,1,17,3,1770,2,1770,3333,53.11,55,0.00,0.15,3.06,0.00,42.99,0.03,0.51,0.09,53.11,0.06
3108552,BRASILÂNDIA DE MINAS - MG,2509.694,3,4,1193,0,3386,10,10,14,3383,14,3386,8017,42.24,30,0.04,0.05,14.88,0.00,42.24,0.12,0.12,0.17,42.20,0.17
3108602,BRASÍLIA DE MINAS - MG,1399.484,4,7,1019,0,6951,17,70,27,9000,8,9000,17103,52.62,55,0.02,0.04,5.96,0.00,40.64,0.10,0.41,0.16,52.62,0.05
3108701,BRÁS PIRES - MG,223.351,1,4,128,0,1533,1,20,3,1091,2,1533,2783,55.08,30,0.04,0.14,4.60,0.00,55.08,0.04,0.72,0.11,39.20,0.07
3108800,BRAÚNAS - MG,378.318,0,4,442,0,993,1,10,6,1086,3,1086,2545,42.67,55,0.00,0.16,17.37,0.00,39.02,0.04,0.39,0.24,42.67,0.12
3108909,BRAZÓPOLIS - MG,367.688,5,20,333,0,5400,11,27,23,2199,18,5400,8036,67.20,30,0.06,0.25,4.14,0.00,67.20,0.14,0.34,0.29,27.36,0.22
3109006,BRUMADINHO - MG,639.434,39,16,2063,0,8532,41,199,71,10752,33,10752,21746,49.44,55,0.18,0.07,9.49,0.00,39.23,0.19,0.92,0.33,49.44,0.15
3109105,BUENO BRANDÃO - MG,356.15,4,5,401,0,4480,7,28,23,842,5,4480,5795,77.31,30,0.07,0.09,6.92,0.00,77.31,0.12,0.48,0.40,14.53,0.09
3109204,BUENÓPOLIS - MG,1599.881,0,8,243,0,2431,1,11,6,1768,2,2431,4470,54.38,30,0.00,0.18,5.44,0.00,54.38,0.02,0.25,0.13,39.55,0.04
3109253,BUGRE - MG,161.491,0,0,175,0,1890,11,9,9,770,0,1890,2864,65.99,30,0.00,0.00,6.11,0.00,65.99,0.38,0.31,0.31,26.89,0.00
3109303,BURITIS - MG,5225.186,8,8,1602,0,7056,9,144,16,3670,15,7056,12528,56.32,30,0.06,0.06,12.79,0.00,56.32,0.07,1.15,0.13,29.29,0.12
3109402,BURITIZEIRO - MG,7218.401,15,10,815,0,7679,24,63,14,3668,9,7679,12297,62.45,30,0.12,0.08,6.63,0.00,62.45,0.20,0.51,0.11,29.83,0.07
3109451,CABECEIRA GRANDE - MG,1033.055,0,3,164,0,2544,8,14,5,872,3,2544,3613,70.41,30,0.00,0.08,4.54,0.00,70.41,0.22,0.39,0.14,24.14,0.08
3109501,CABO VERDE - MG,368.206,8,4,310,0,4339,1,13,14,1989,13,4339,6691,64.85,30,0.12,0.06,4.63,0.00,64.85,0.01,0.19,0.21,29.73,0.19
3109600,CACHOEIRA DA PRATA - MG,61.381,0,1,149,0,1528,3,11,2,861,2,1528,2557,59.76,30,0.00,0.04,5.83,0.00,59.76,0.12,0.43,0.08,33.67,0.08
3109709,CACHOEIRA DE MINAS - MG,304.243,3,4,300,0,5378,10,47,21,1088,17,5378,6868,78.31,30,0.04,0.06,4.37,0.00,78.31,0.15,0.68,0.31,15.84,0.25
3109808,CACHOEIRA DOURADA - MG,203.07,1,0,57,0,1035,1,2,5,594,0,1035,1695,61.06,30,0.06,0.00,3.36,0.00,61.06,0.06,0.12,0.29,35.04,0.00
3109907,CAETANÓPOLIS - MG,156.039,6,8,347,0,3880,11,18,12,1745,10,3880,6037,64.27,30,0.10,0.13,5.75,0.00,64.27,0.18,0.30,0.20,28.91,0.17
3110004,CAETÉ - MG,542.531,50,20,1379,0,11793,28,98,63,9478,22,11793,22931,51.43,30,0.22,0.09,6.01,0.00,51.43,0.12,0.43,0.27,41.33,0.10
3110103,CAIANA - MG,106.465,2,3,159,0,1537,6,11,4,1038,1,1537,2761,55.67,30,0.07,0.11,5.76,0.00,55.67,0.22,0.40,0.14,37.60,0.04
3110202,CAJURI - MG,83.03799999999998,0,3,104,0,1452,3,16,3,1434,1,1452,3016,48.14,30,0.00,0.10,3.45,0.00,48.14,0.10,0.53,0.10,47.55,0.03
3110301,CALDAS - MG,711.414,5,2,297,0,5614,6,27,33,1374,5,5614,7363,76.25,30,0.07,0.03,4.03,0.00,76.25,0.08,0.37,0.45,18.66,0.07
3110400,CAMACHO - MG,223.001,1,2,84,0,1247,2,2,2,761,2,1247,2103,59.30,30,0.05,0.10,3.99,0.00,59.30,0.10,0.10,0.10,36.19,0.10
3110509,CAMANDUCAIA - MG,528.688,2,17,621,0,8059,14,44,54,2377,14,8059,11202,71.94,30,0.02,0.15,5.54,0.00,71.94,0.12,0.39,0.48,21.22,0.12
3110608,CAMBUÍ - MG,244.567,7,23,628,0,10273,13,57,116,3055,26,10273,14198,72.36,30,0.05,0.16,4.42,0.00,72.36,0.09,0.40,0.82,21.52,0.18
3110707,CAMBUQUIRA - MG,246.38,7,18,429,0,4046,9,50,27,1887,18,4046,6491,62.33,30,0.11,0.28,6.61,0.00,62.33,0.14,0.77,0.42,29.07,0.28
3110806,CAMPANÁRIO - MG,442.398,0,2,70,0,989,1,3,3,906,1,989,1975,50.08,30,0.00,0.10,3.54,0.00,50.08,0.05,0.15,0.15,45.87,0.05
3110905,CAMPANHA - MG,335.587,10,7,428,0,5497,25,30,24,2010,7,5497,8038,68.39,30,0.12,0.09,5.32,0.00,68.39,0.31,0.37,0.30,25.01,0.09
3111002,CAMPESTRE - MG,577.843,3,17,617,0,8759,15,68,39,1739,20,8759,11277,77.67,30,0.03,0.15,5.47,0.00,77.67,0.13,0.60,0.35,15.42,0.18
3111101,CAMPINA VERDE - MG,3650.749,9,8,303,0,6395,18,37,25,2881,17,6395,9693,65.98,30,0.09,0.08,3.13,0.00,65.98,0.19,0.38,0.26,29.72,0.18
3111150,CAMPO AZUL - MG,505.914,1,0,66,0,1166,0,5,4,1315,1,1315,2558,51.41,55,0.04,0.00,2.58,0.00,45.58,0.00,0.20,0.16,51.41,0.04
3111200,CAMPO BELO - MG,528.225,29,13,1618,0,17783,22,262,75,5235,20,17783,25057,70.97,30,0.12,0.05,6.46,0.00,70.97,0.09,1.05,0.30,20.89,0.08
3111309,CAMPO DO MEIO - MG,275.426,11,8,294,0,3394,5,39,13,2724,2,3394,6490,52.30,30,0.17,0.12,4.53,0.00,52.30,0.08,0.60,0.20,41.97,0.03
3111408,CAMPO FLORIDO - MG,1264.245,3,11,313,0,2294,8,9,11,1650,6,2294,4305,53.29,30,0.07,0.26,7.27,0.00,53.29,0.19,0.21,0.26,38.33,0.14
3111507,CAMPOS ALTOS - MG,710.645,1,9,239,0,5092,8,23,4,997,5,5092,6378,79.84,30,0.02,0.14,3.75,0.00,79.84,0.13,0.36,0.06,15.63,0.08
3111606,CAMPOS GERAIS - MG,769.504,8,10,714,0,9628,8,61,31,2845,18,9628,13323,72.27,30,0.06,0.08,5.36,0.00,72.27,0.06,0.46,0.23,21.35,0.14
3111705,CANAÃ - MG,174.9,2,4,74,0,1184,0,18,5,1733,1,1733,3021,57.37,55,0.07,0.13,2.45,0.00,39.19,0.00,0.60,0.17,57.37,0.03
3111804,CANÁPOLIS - MG,843.599,4,11,167,0,3230,8,23,45,2295,1,3230,5784,55.84,30,0.07,0.19,2.89,0.00,55.84,0.14,0.40,0.78,39.68,0.02
3111903,CANA VERDE - MG,212.721,1,1,183,0,2318,6,11,10,806,2,2318,3338,69.44,30,0.03,0.03,5.48,0.00,69.44,0.18,0.33,0.30,24.15,0.06
3112000,CANDEIAS - MG,720.512,3,3,506,0,4540,5,44,11,1855,11,4540,6978,65.06,30,0.04,0.04,7.25,0.00,65.06,0.07,0.63,0.16,26.58,0.16
3112059,CANTAGALO - MG,141.855,3,2,87,0,757,5,15,1,1240,2,1240,2112,58.71,55,0.14,0.09,4.12,0.00,35.84,0.24,0.71,0.05,58.71,0.09
3112109,CAPARAÓ - MG,130.694,3,1,146,0,2038,13,14,6,791,2,2038,3014,67.62,30,0.10,0.03,4.84,0.00,67.62,0.43,0.46,0.20,26.24,0.07
3112208,CAPELA NOVA - MG,111.073,5,2,94,0,1614,2,17,11,1200,1,1614,2946,54.79,30,0.17,0.07,3.19,0.00,54.79,0.07,0.58,0.37,40.73,0.03
3112307,CAPELINHA - MG,965.292,15,22,853,0,10822,28,108,36,6232,19,10822,18135,59.67,30,0.08,0.12,4.70,0.00,59.67,0.15,0.60,0.20,34.36,0.10
3112406,CAPETINGA - MG,297.937,4,6,204,0,2394,8,19,8,796,9,2394,3448,69.43,30,0.12,0.17,5.92,0.00,69.43,0.23,0.55,0.23,23.09,0.26
3112505,CAPIM BRANCO - MG,95.333,1,4,514,0,3345,2,14,13,1807,1,3345,5701,58.67,30,0.02,0.07,9.02,0.00,58.67,0.04,0.25,0.23,31.70,0.02
3112604,CAPINÓPOLIS - MG,620.716,4,5,283,0,4373,11,19,17,3123,9,4373,7844,55.75,30,0.05,0.06,3.61,0.00,55.75,0.14,0.24,0.22,39.81,0.11
3112653,CAPITÃO ANDRADE - MG,279.088,2,2,191,0,1548,4,3,3,679,1,1548,2433,63.63,30,0.08,0.08,7.85,0.00,63.63,0.16,0.12,0.12,27.91,0.04
3112703,CAPITÃO ENÉAS - MG,971.576,4,2,360,0,3206,5,22,13,4407,4,4407,8023,54.93,55,0.05,0.02,4.49,0.00,39.96,0.06,0.27,0.16,54.93,0.05
3112802,CAPITÓLIO - MG,521.802,3,2,197,0,3795,3,13,15,1344,5,3795,5377,70.58,30,0.06,0.04,3.66,0.00,70.58,0.06,0.24,0.28,25.00,0.09
3112901,CAPUTIRA - MG,187.704,0,7,252,0,2297,7,58,8,2567,3,2567,5199,49.37,55,0.00,0.13,4.85,0.00,44.18,0.13,1.12,0.15,49.37,0.06
3113008,CARAÍ - MG,1242.345,5,6,336,0,2039,8,73,7,5505,18,5505,7997,68.84,55,0.06,0.08,4.20,0.00,25.50,0.10,0.91,0.09,68.84,0.23
3113107,CARANAÍBA - MG,159.95,0,2,82,0,1394,2,10,6,665,0,1394,2161,64.51,30,0.00,0.09,3.79,0.00,64.51,0.09,0.46,0.28,30.77,0.00
3113206,CARANDAÍ - MG,487.28,4,11,743,0,6797,6,71,30,5403,16,6797,13081,51.96,30,0.03,0.08,5.68,0.00,51.96,0.05,0.54,0.23,41.30,0.12
3113305,CARANGOLA - MG,353.404,23,17,1086,0,8247,36,110,53,6316,21,8247,15909,51.84,30,0.14,0.11,6.83,0.00,51.84,0.23,0.69,0.33,39.70,0.13
3113404,CARATINGA - MG,1258.479,36,38,2855,0,24480,60,211,92,12963,51,24480,40786,60.02,30,0.09,0.09,7.00,0.00,60.02,0.15,0.52,0.23,31.78,0.13
3113503,CARBONITA - MG,1456.095,0,0,155,0,2273,3,26,17,2388,4,2388,4866,49.08,55,0.00,0.00,3.19,0.00,46.71,0.06,0.53,0.35,49.08,0.08
3113602,CAREAÇU - MG,181.009,0,2,226,0,2578,5,17,8,712,0,2578,3548,72.66,30,0.00,0.06,6.37,0.00,72.66,0.14,0.48,0.23,20.07,0.00
3113701,CARLOS CHAGAS - MG,3202.984,11,8,348,0,5856,12,44,27,3362,9,5856,9677,60.51,30,0.11,0.08,3.60,0.00,60.51,0.12,0.45,0.28,34.74,0.09
3113800,CARMÉSIA - MG,259.103,0,0,49,0,1200,1,2,2,320,0,1200,1574,76.24,30,0.00,0.00,3.11,0.00,76.24,0.06,0.13,0.13,20.33,0.00
3113909,CARMO DA CACHOEIRA - MG,506.333,6,7,273,0,4034,5,18,17,1610,12,4034,5982,67.44,30,0.10,0.12,4.56,0.00,67.44,0.08,0.30,0.28,26.91,0.20
3114006,CARMO DA MATA - MG,357.178,5,4,419,0,3224,4,52,22,2530,5,3224,6265,51.46,30,0.08,0.06,6.69,0.00,51.46,0.06,0.83,0.35,40.38,0.08
3114105,CARMO DE MINAS - MG,322.285,6,3,429,0,4455,3,39,13,1691,7,4455,6646,67.03,30,0.09,0.05,6.46,0.00,67.03,0.05,0.59,0.20,25.44,0.11
3114204,CARMO DO CAJURU - MG,455.808,13,14,973,0,7461,12,73,40,4113,20,7461,12719,58.66,30,0.10,0.11,7.65,0.00,58.66,0.09,0.57,0.31,32.34,0.16
3114303,CARMO DO PARANAÍBA - MG,1307.862,17,23,851,0,10187,26,59,33,2894,13,10187,14103,72.23,30,0.12,0.16,6.03,0.00,72.23,0.18,0.42,0.23,20.52,0.09
3114402,CARMO DO RIO CLARO - MG,1065.685,7,7,661,0,7728,9,47,32,2329,15,7728,10835,71.32,30,0.06,0.06,6.10,0.00,71.32,0.08,0.43,0.30,21.50,0.14
3114501,CARMÓPOLIS DE MINAS - MG,400.01,6,7,481,0,5725,2,45,22,3395,15,5725,9698,59.03,30,0.06,0.07,4.96,0.00,59.03,0.02,0.46,0.23,35.01,0.15
3114550,CARNEIRINHO - MG,2063.462,5,3,207,0,3641,11,13,17,1495,1,3641,5393,67.51,30,0.09,0.06,3.84,0.00,67.51,0.20,0.24,0.32,27.72,0.02
3114600,CARRANCAS - MG,727.894,0,0,100,0,1592,3,9,10,686,3,1592,2403,66.25,30,0.00,0.00,4.16,0.00,66.25,0.12,0.37,0.42,28.55,0.12
3114709,CARVALHÓPOLIS - MG,81.101,1,1,93,0,1492,10,8,13,745,2,1492,2365,63.09,30,0.04,0.04,3.93,0.00,63.09,0.42,0.34,0.55,31.50,0.08
3114808,CARVALHOS - MG,282.254,1,0,113,0,1937,3,29,9,585,2,1937,2679,72.30,30,0.04,0.00,4.22,0.00,72.30,0.11,1.08,0.34,21.84,0.07
3114907,CASA GRANDE - MG,157.727,2,4,104,0,1114,1,30,3,640,2,1114,1900,58.63,30,0.11,0.21,5.47,0.00,58.63,0.05,1.58,0.16,33.68,0.11
3115003,CASCALHO RICO - MG,367.308,0,1,136,0,1664,2,3,5,525,0,1664,2336,71.23,30,0.00,0.04,5.82,0.00,71.23,0.09,0.13,0.21,22.47,0.00
3115102,CÁSSIA - MG,665.802,13,9,371,0,6094,18,32,32,2303,15,6094,8887,68.57,30,0.15,0.10,4.17,0.00,68.57,0.20,0.36,0.36,25.91,0.17
3115201,CONCEIÇÃO DA BARRA DE MINAS - MG,273.014,6,3,83,0,1875,2,26,2,608,5,1875,2610,71.84,30,0.23,0.11,3.18,0.00,71.84,0.08,1.00,0.08,23.30,0.19
3115300,CATAGUASES - MG,491.767,29,38,1329,0,19167,54,193,294,14068,48,19167,35220,54.42,30,0.08,0.11,3.77,0.00,54.42,0.15,0.55,0.83,39.94,0.14
3115359,CATAS ALTAS - MG,240.042,7,2,128,0,1733,6,13,4,1333,7,1733,3233,53.60,30,0.22,0.06,3.96,0.00,53.60,0.19,0.40,0.12,41.23,0.22
3115409,CATAS ALTAS DA NORUEGA - MG,141.622,1,3,75,0,1477,0,18,4,960,0,1477,2538,58.20,30,0.04,0.12,2.96,0.00,58.20,0.00,0.71,0.16,37.83,0.00
3115458,CATUJI - MG,419.38,1,5,198,0,1391,4,19,5,3260,0,3260,4883,66.76,55,0.02,0.10,4.05,0.00,28.49,0.08,0.39,0.10,66.76,0.00
3115474,CATUTI - MG,287.812,3,4,163,0,1090,0,8,3,1618,2,1618,2891,55.97,55,0.10,0.14,5.64,0.00,37.70,0.00,0.28,0.10,55.97,0.07
3115508,CAXAMBU - MG,100.483,15,14,880,0,6204,31,262,91,3526,23,6204,11046,56.17,30,0.14,0.13,7.97,0.00,56.17,0.28,2.37,0.82,31.92,0.21
3115607,CEDRO DO ABAETÉ - MG,283.211,0,0,36,0,605,4,2,1,182,1,605,831,72.80,30,0.00,0.00,4.33,0.00,72.80,0.48,0.24,0.12,21.90,0.12
3115706,CENTRAL DE MINAS - MG,204.328,0,3,213,0,2373,7,5,4,1122,0,2373,3727,63.67,30,0.00,0.08,5.72,0.00,63.67,0.19,0.13,0.11,30.10,0.00
3115805,CENTRALINA - MG,322.385,5,3,163,0,2649,5,24,7,2126,5,2649,4987,53.12,30,0.10,0.06,3.27,0.00,53.12,0.10,0.48,0.14,42.63,0.10
3115904,CHÁCARA - MG,152.807,1,6,85,0,2129,2,18,5,555,1,2129,2802,75.98,30,0.04,0.21,3.03,0.00,75.98,0.07,0.64,0.18,19.81,0.04
3116001,CHALÉ - MG,212.674,0,3,207,0,1994,2,21,2,1440,2,1994,3671,54.32,30,0.00,0.08,5.64,0.00,54.32,0.05,0.57,0.05,39.23,0.05
3116100,CHAPADA DO NORTE - MG,830.8329999999999,1,6,106,0,1697,3,44,4,3032,4,3032,4897,61.92,55,0.02,0.12,2.16,0.00,34.65,0.06,0.90,0.08,61.92,0.08
3116159,CHAPADA GAÚCHA - MG,3255.189,1,1,380,0,2848,5,9,4,2602,2,2848,5852,48.67,30,0.02,0.02,6.49,0.00,48.67,0.09,0.15,0.07,44.46,0.03
3116209,CHIADOR - MG,252.852,2,0,107,0,1109,1,9,12,848,4,1109,2092,53.01,30,0.10,0.00,5.11,0.00,53.01,0.05,0.43,0.57,40.54,0.19
3116308,CIPOTÂNEA - MG,153.479,4,3,109,0,1680,4,58,4,1178,1,1680,3041,55.24,30,0.13,0.10,3.58,0.00,55.24,0.13,1.91,0.13,38.74,0.03
3116407,CLARAVAL - MG,227.627,1,1,126,0,2709,1,9,15,408,0,2709,3270,82.84,30,0.03,0.03,3.85,0.00,82.84,0.03,0.28,0.46,12.48,0.00
3116506,CLARO DOS POÇÕES - MG,720.424,5,2,192,0,2925,3,12,8,2049,3,2925,5199,56.26,30,0.10,0.04,3.69,0.00,56.26,0.06,0.23,0.15,39.41,0.06
3116605,CLÁUDIO - MG,630.706,8,22,785,0,11556,11,158,36,2454,22,11556,15052,76.77,30,0.05,0.15,5.22,0.00,76.77,0.07,1.05,0.24,16.30,0.15
3116704,COIMBRA - MG,106.875,3,6,194,0,2337,5,11,9,1582,7,2337,4154,56.26,30,0.07,0.14,4.67,0.00,56.26,0.12,0.26,0.22,38.08,0.17
3116803,COLUNA - MG,348.492,4,3,171,0,1588,4,19,5,2171,3,2171,3968,54.71,55,0.10,0.08,4.31,0.00,40.02,0.10,0.48,0.13,54.71,0.08
3116902,COMENDADOR GOMES - MG,1041.047,0,1,49,0,1413,8,1,1,427,1,1413,1901,74.33,30,0.00,0.05,2.58,0.00,74.33,0.42,0.05,0.05,22.46,0.05
3117009,COMERCINHO - MG,654.961,1,2,107,0,1666,4,13,5,2233,0,2233,4031,55.40,55,0.02,0.05,2.65,0.00,41.33,0.10,0.32,0.12,55.40,0.00
3117108,CONCEIÇÃO DA APARECIDA - MG,352.521,5,8,221,0,3930,11,22,26,1459,10,3930,5692,69.04,30,0.09,0.14,3.88,0.00,69.04,0.19,0.39,0.46,25.63,0.18
3117207,CONCEIÇÃO DAS PEDRAS - MG,102.206,1,0,92,0,1149,3,8,6,561,2,1149,1822,63.06,30,0.05,0.00,5.05,0.00,63.06,0.16,0.44,0.33,30.79,0.11
3117306,CONCEIÇÃO DAS ALAGOAS - MG,1340.25,9,5,824,0,6144,34,51,45,5538,19,6144,12669,48.50,30,0.07,0.04,6.50,0.00,48.50,0.27,0.40,0.36,43.71,0.15
3117405,CONCEIÇÃO DE IPANEMA - MG,253.935,0,2,148,0,1458,4,13,3,1330,1,1458,2959,49.27,30,0.00,0.07,5.00,0.00,49.27,0.14,0.44,0.10,44.95,0.03
3117504,CONCEIÇÃO DO MATO DENTRO - MG,1720.04,9,16,442,0,4180,9,84,30,6060,9,6060,10839,55.91,55,0.08,0.15,4.08,0.00,38.56,0.08,0.77,0.28,55.91,0.08
3117603,CONCEIÇÃO DO PARÁ - MG,250.306,4,1,278,0,2575,7,21,4,598,3,2575,3491,73.76,30,0.11,0.03,7.96,0.00,73.76,0.20,0.60,0.11,17.13,0.09
3117702,CONCEIÇÃO DO RIO VERDE - MG,369.681,5,6,271,0,4054,6,61,19,2238,4,4054,6664,60.83,30,0.08,0.09,4.07,0.00,60.83,0.09,0.92,0.29,33.58,0.06
3117801,CONCEIÇÃO DOS OUROS - MG,180.236,17,6,282,0,4923,8,41,19,999,9,4923,6304,78.09,30,0.27,0.10,4.47,0.00,78.09,0.13,0.65,0.30,15.85,0.14
3117836,CÔNEGO MARINHO - MG,1610.47,2,2,116,0,1317,3,14,15,2367,4,2367,3840,61.64,55,0.05,0.05,3.02,0.00,34.30,0.08,0.36,0.39,61.64,0.10
3117876,CONFINS - MG,42.355,3,5,557,0,2547,6,15,18,1749,2,2547,4902,51.96,30,0.06,0.10,11.36,0.00,51.96,0.12,0.31,0.37,35.68,0.04
3117900,CONGONHAL - MG,205.125,3,8,391,0,5126,7,30,17,1185,9,5126,6776,75.65,30,0.04,0.12,5.77,0.00,75.65,0.10,0.44,0.25,17.49,0.13
3118007,CONGONHAS - MG,304.067,78,31,1403,0,15094,29,463,124,10891,37,15094,28150,53.62,30,0.28,0.11,4.98,0.00,53.62,0.10,1.64,0.44,38.69,0.13
3118106,CONGONHAS DO NORTE - MG,405.671,1,0,96,0,1032,1,20,1,1136,1,1136,2288,49.65,55,0.04,0.00,4.20,0.00,45.10,0.04,0.87,0.04,49.65,0.04
3118205,CONQUISTA - MG,618.363,5,0,149,0,2700,6,11,5,890,2,2700,3768,71.66,30,0.13,0.00,3.95,0.00,71.66,0.16,0.29,0.13,23.62,0.05
3118304,CONSELHEIRO LAFAIETE - MG,370.246,90,64,3057,0,33487,69,379,261,28214,125,33487,65746,50.93,30,0.14,0.10,4.65,0.00,50.93,0.10,0.58,0.40,42.91,0.19
3118403,CONSELHEIRO PENA - MG,1483.883,4,6,633,0,6505,25,52,11,3074,10,6505,10320,63.03,30,0.04,0.06,6.13,0.00,63.03,0.24,0.50,0.11,29.79,0.10
3118502,CONSOLAÇÃO - MG,89.122,0,0,30,0,1059,1,5,1,146,0,1059,1242,85.27,30,0.00,0.00,2.42,0.00,85.27,0.08,0.40,0.08,11.76,0.00
3118601,CONTAGEM - MG,194.746,692,384,38338,0,156518,368,2001,1275,128845,468,156518,328889,47.59,30,0.21,0.12,11.66,0.00,47.59,0.11,0.61,0.39,39.18,0.14
3118700,COQUEIRAL - MG,296.163,1,5,172,0,3827,1,22,13,1161,2,3827,5204,73.54,30,0.02,0.10,3.31,0.00,73.54,0.02,0.42,0.25,22.31,0.04
3118809,CORAÇÃO DE JESUS - MG,2225.216,10,6,651,0,5757,9,24,29,7070,13,7070,13569,52.10,55,0.07,0.04,4.80,0.00,42.43,0.07,0.18,0.21,52.10,0.10
3118908,CORDISBURGO - MG,823.654,6,3,348,0,2349,10,22,13,2119,4,2349,4874,48.19,30,0.12,0.06,7.14,0.00,48.19,0.21,0.45,0.27,43.48,0.08
3119005,CORDISLÂNDIA - MG,179.543,2,2,90,0,1030,1,20,0,706,5,1030,1856,55.50,30,0.11,0.11,4.85,0.00,55.50,0.05,1.08,0.00,38.04,0.27
3119104,CORINTO - MG,2525.397,2,7,1074,0,5690,15,62,27,5169,8,5690,12054,47.20,30,0.02,0.06,8.91,0.00,47.20,0.12,0.51,0.22,42.88,0.07
3119203,COROACI - MG,576.274,0,1,258,0,2468,6,23,6,1943,2,2468,4707,52.43,30,0.00,0.02,5.48,0.00,52.43,0.13,0.49,0.13,41.28,0.04
3119302,COROMANDEL - MG,3313.313,21,10,707,0,12020,22,64,26,3342,13,12020,16225,74.08,30,0.13,0.06,4.36,0.00,74.08,0.14,0.39,0.16,20.60,0.08
3119401,CORONEL FABRICIANO - MG,221.252,50,87,3381,0,34187,120,233,151,15603,81,34187,53893,63.43,30,0.09,0.16,6.27,0.00,63.43,0.22,0.43,0.28,28.95,0.15
3119500,CORONEL MURTA - MG,815.413,0,4,285,0,1249,3,6,0,2990,1,2990,4538,65.89,55,0.00,0.09,6.28,0.00,27.52,0.07,0.13,0.00,65.89,0.02
3119609,CORONEL PACHECO - MG,131.511,0,1,154,0,1350,4,14,7,522,6,1350,2058,65.60,30,0.00,0.05,7.48,0.00,65.60,0.19,0.68,0.34,25.36,0.29
3119708,CORONEL XAVIER CHAVES - MG,140.954,2,2,71,0,918,0,29,4,916,5,918,1947,47.15,30,0.10,0.10,3.65,0.00,47.15,0.00,1.49,0.21,47.05,0.26
3119807,CÓRREGO DANTA - MG,657.425,1,0,89,0,1359,0,5,1,581,3,1359,2039,66.65,30,0.05,0.00,4.36,0.00,66.65,0.00,0.25,0.05,28.49,0.15
3119906,CÓRREGO DO BOM JESUS - MG,123.651,1,5,138,0,1993,6,9,9,642,3,1993,2806,71.03,30,0.04,0.18,4.92,0.00,71.03,0.21,0.32,0.32,22.88,0.11
3119955,CÓRREGO FUNDO - MG,101.112,3,1,178,0,2830,3,16,3,557,2,2830,3593,78.76,30,0.08,0.03,4.95,0.00,78.76,0.08,0.45,0.08,15.50,0.06
3120003,CÓRREGO NOVO - MG,205.385,0,0,142,0,988,4,5,4,1166,2,1166,2311,50.45,55,0.00,0.00,6.14,0.00,42.75,0.17,0.22,0.17,50.45,0.09
3120102,COUTO DE MAGALHÃES DE MINAS - MG,485.654,3,2,110,0,849,6,15,3,1352,1,1352,2341,57.75,55,0.13,0.09,4.70,0.00,36.27,0.26,0.64,0.13,57.75,0.04
3120151,CRISÓLITA - MG,966.2020000000001,3,0,74,0,1220,3,10,0,1593,0,1593,2903,54.87,55,0.10,0.00,2.55,0.00,42.03,0.10,0.34,0.00,54.87,0.00
3120201,CRISTAIS - MG,628.434,6,0,318,0,3516,7,34,6,1465,2,3516,5354,65.67,30,0.11,0.00,5.94,0.00,65.67,0.13,0.64,0.11,27.36,0.04
3120300,CRISTÁLIA - MG,840.702,0,1,130,0,1025,1,10,3,1966,0,1966,3136,62.69,55,0.00,0.03,4.15,0.00,32.68,0.03,0.32,0.10,62.69,0.00
3120409,CRISTIANO OTONI - MG,132.872,8,3,193,0,1615,5,18,10,1020,2,1615,2874,56.19,30,0.28,0.10,6.72,0.00,56.19,0.17,0.63,0.35,35.49,0.07
3120508,CRISTINA - MG,311.33,2,2,279,0,4090,9,25,30,1008,12,4090,5457,74.95,30,0.04,0.04,5.11,0.00,74.95,0.16,0.46,0.55,18.47,0.22
3120607,CRUCILÂNDIA - MG,167.164,3,2,205,0,2445,2,10,6,937,4,2445,3614,67.65,30,0.08,0.06,5.67,0.00,67.65,0.06,0.28,0.17,25.93,0.11
3120706,CRUZEIRO DA FORTALEZA - MG,187.446,1,1,85,0,2123,1,7,1,605,1,2123,2825,75.15,30,0.04,0.04,3.01,0.00,75.15,0.04,0.25,0.04,21.42,0.04
3120805,CRUZÍLIA - MG,522.419,4,6,267,0,5022,11,70,33,3027,6,5022,8446,59.46,30,0.05,0.07,3.16,0.00,59.46,0.13,0.83,0.39,35.84,0.07
3120839,CUPARAQUE - MG,226.75,4,1,118,0,2142,2,26,2,341,0,2142,2636,81.26,30,0.15,0.04,4.48,0.00,81.26,0.08,0.99,0.08,12.94,0.00
3120870,CURRAL DE DENTRO - MG,570.95,0,3,143,0,2365,2,20,7,1520,1,2365,4061,58.24,30,0.00,0.07,3.52,0.00,58.24,0.05,0.49,0.17,37.43,0.02
3120904,CURVELO - MG,3296.2,22,33,2182,0,24056,62,175,109,12038,41,24056,38718,62.13,30,0.06,0.09,5.64,0.00,62.13,0.16,0.45,0.28,31.09,0.11
3121001,DATAS - MG,310.099,2,4,140,0,1228,2,9,4,1647,3,1647,3039,54.20,55,0.07,0.13,4.61,0.00,40.41,0.07,0.30,0.13,54.20,0.10
3121100,DELFIM MOREIRA - MG,408.473,2,8,248,0,2912,11,17,12,1323,5,2912,4538,64.17,30,0.04,0.18,5.46,0.00,64.17,0.24,0.37,0.26,29.15,0.11
3121209,DELFINÓPOLIS - MG,1378.423,4,7,149,0,2906,3,30,6,872,4,2906,3981,73.00,30,0.10,0.18,3.74,0.00,73.00,0.08,0.75,0.15,21.90,0.10
3121258,DELTA - MG,102.784,2,5,176,0,2584,15,19,56,1206,3,2584,4066,63.55,30,0.05,0.12,4.33,0.00,63.55,0.37,0.47,1.38,29.66,0.07
3121308,DESCOBERTO - MG,213.168,1,6,107,0,2008,2,65,21,815,2,2008,3027,66.34,30,0.03,0.20,3.53,0.00,66.34,0.07,2.15,0.69,26.92,0.07
3121407,DESTERRO DE ENTRE RIOS - MG,377.165,6,2,230,0,2610,6,33,2,1068,2,2610,3959,65.93,30,0.15,0.05,5.81,0.00,65.93,0.15,0.83,0.05,26.98,0.05
3121506,DESTERRO DO MELO - MG,142.279,0,5,103,0,1812,3,18,2,637,0,1812,2580,70.23,30,0.00,0.19,3.99,0.00,70.23,0.12,0.70,0.08,24.69,0.00
3121605,DIAMANTINA - MG,3891.659,25,49,1872,0,8719,30,559,94,13060,29,13060,24437,53.44,55,0.10,0.20,7.66,0.00,35.68,0.12,2.29,0.38,53.44,0.12
3121704,DIOGO DE VASCONCELOS - MG,165.091,0,3,73,0,1388,2,11,3,1007,1,1388,2488,55.79,30,0.00,0.12,2.93,0.00,55.79,0.08,0.44,0.12,40.47,0.04
3121803,DIONÍSIO - MG,339.375,4,2,219,0,1990,5,21,4,1925,2,1990,4172,47.70,30,0.10,0.05,5.25,0.00,47.70,0.12,0.50,0.10,46.14,0.05
3121902,DIVINÉSIA - MG,116.97,0,1,102,0,1812,7,27,9,1189,2,1812,3149,57.54,30,0.00,0.03,3.24,0.00,57.54,0.22,0.86,0.29,37.76,0.06
3122009,DIVINO - MG,337.776,6,7,539,0,4567,15,47,25,4855,6,4855,10067,48.23,55,0.06,0.07,5.35,0.00,45.37,0.15,0.47,0.25,48.23,0.06
3122108,DIVINO DAS LARANJEIRAS - MG,342.249,4,1,204,0,1835,1,10,4,766,3,1835,2828,64.89,30,0.14,0.04,7.21,0.00,64.89,0.04,0.35,0.14,27.09,0.11
3122207,DIVINOLÂNDIA DE MINAS - MG,133.12,2,3,156,0,1971,2,18,11,1288,0,1971,3451,57.11,30,0.06,0.09,4.52,0.00,57.11,0.06,0.52,0.32,37.32,0.00
3122306,DIVINÓPOLIS - MG,708.115,123,119,9460,0,71921,123,555,467,37802,168,71921,120738,59.57,30,0.10,0.10,7.84,0.00,59.57,0.10,0.46,0.39,31.31,0.14
3122355,DIVISA ALEGRE - MG,117.802,1,2,182,0,1881,3,30,1,1174,3,1881,3277,57.40,30,0.03,0.06,5.55,0.00,57.40,0.09,0.92,0.03,35.83,0.09
3122405,DIVISA NOVA - MG,216.955,3,0,110,0,2011,3,11,11,1291,5,2011,3445,58.37,30,0.09,0.00,3.19,0.00,58.37,0.09,0.32,0.32,37.47,0.15
3122454,DIVISÓPOLIS - MG,572.926,0,3,179,0,3039,1,8,3,1118,4,3039,4355,69.78,30,0.00,0.07,4.11,0.00,69.78,0.02,0.18,0.07,25.67,0.09
3122470,DOM BOSCO - MG,817.383,1,0,210,0,1602,1,1,2,658,0,1602,2475,64.73,30,0.04,0.00,8.48,0.00,64.73,0.04,0.04,0.08,26.59,0.00
3122504,DOM CAVATI - MG,59.52,1,1,176,0,1747,0,19,4,977,0,1747,2925,59.73,30,0.03,0.03,6.02,0.00,59.73,0.00,0.65,0.14,33.40,0.00
3122603,DOM JOAQUIM - MG,398.793,0,1,104,0,1088,5,11,4,1297,4,1297,2514,51.59,55,0.00,0.04,4.14,0.00,43.28,0.20,0.44,0.16,51.59,0.16
3122702,DOM SILVÉRIO - MG,194.972,3,7,108,0,1252,4,23,7,1376,2,1376,2782,49.46,55,0.11,0.25,3.88,0.00,45.00,0.14,0.83,0.25,49.46,0.07
3122801,DOM VIÇOSO - MG,113.921,0,1,135,0,1599,4,8,8,390,2,1599,2147,74.48,30,0.00,0.05,6.29,0.00,74.48,0.19,0.37,0.37,18.16,0.09
3122900,DONA EUZÉBIA - MG,70.231,0,2,141,0,2335,115,21,5,1563,2,2335,4184,55.81,30,0.00,0.05,3.37,0.00,55.81,2.75,0.50,0.12,37.36,0.05
3123007,DORES DE CAMPOS - MG,124.842,2,13,196,0,4110,2,38,15,1083,11,4110,5470,75.14,30,0.04,0.24,3.58,0.00,75.14,0.04,0.69,0.27,19.80,0.20
3123106,DORES DE GUANHÃES - MG,382.124,0,2,150,0,1451,4,9,4,1499,1,1499,3120,48.04,55,0.00,0.06,4.81,0.00,46.51,0.13,0.29,0.13,48.04,0.03
3123205,DORES DO INDAIÁ - MG,1111.202,3,4,435,0,5039,6,20,15,1544,6,5039,7072,71.25,30,0.04,0.06,6.15,0.00,71.25,0.08,0.28,0.21,21.83,0.08
3123304,DORES DO TURVO - MG,231.169,1,2,135,0,1883,4,15,9,1411,2,1883,3462,54.39,30,0.03,0.06,3.90,0.00,54.39,0.12,0.43,0.26,40.76,0.06
3123403,DORESÓPOLIS - MG,152.912,1,1,97,0,744,0,3,4,496,1,744,1347,55.23,30,0.07,0.07,7.20,0.00,55.23,0.00,0.22,0.30,36.82,0.07
3123502,DOURADOQUARA - MG,312.878,0,0,48,0,951,1,0,1,459,2,951,1462,65.05,30,0.00,0.00,3.28,0.00,65.05,0.07,0.00,0.07,31.40,0.14
3123528,DURANDÉ - MG,217.461,1,1,238,0,2045,5,17,8,2041,6,2045,4362,46.88,30,0.02,0.02,5.46,0.00,46.88,0.11,0.39,0.18,46.79,0.14
3123601,ELÓI MENDES - MG,499.537,8,19,962,0,9665,19,53,32,2936,15,9665,13709,70.50,30,0.06,0.14,7.02,0.00,70.50,0.14,0.39,0.23,21.42,0.11
3123700,ENGENHEIRO CALDAS - MG,187.058,2,2,321,0,2674,8,28,2,1661,6,2674,4704,56.85,30,0.04,0.04,6.82,0.00,56.85,0.17,0.60,0.04,35.31,0.13
3123809,ENGENHEIRO NAVARRO - MG,608.306,2,3,186,0,1594,4,8,5,2164,2,2164,3968,54.54,55,0.05,0.08,4.69,0.00,40.17,0.10,0.20,0.13,54.54,0.05
3123858,ENTRE FOLHAS - MG,85.39,6,3,193,0,2250,10,5,6,1353,2,2250,3828,58.78,30,0.16,0.08,5.04,0.00,58.78,0.26,0.13,0.16,35.34,0.05
3123908,ENTRE RIOS DE MINAS - MG,456.796,8,10,488,0,3816,6,67,56,3883,11,3883,8345,46.53,55,0.10,0.12,5.85,0.00,45.73,0.07,0.80,0.67,46.53,0.13
3124005,ERVÁLIA - MG,357.489,3,12,294,0,5066,10,63,27,4400,20,5066,9895,51.20,30,0.03,0.12,2.97,0.00,51.20,0.10,0.64,0.27,44.47,0.20
3124104,ESMERALDAS - MG,909.751,37,33,3762,0,14516,40,187,78,16003,30,16003,34686,46.14,55,0.11,0.10,10.85,0.00,41.85,0.12,0.54,0.22,46.14,0.09
3124203,ESPERA FELIZ - MG,317.638,7,10,778,0,5574,28,49,35,4957,9,5574,11447,48.69,30,0.06,0.09,6.80,0.00,48.69,0.24,0.43,0.31,43.30,0.08
3124302,ESPINOSA - MG,1868.97,8,15,1398,0,5980,17,58,22,8325,15,8325,15838,52.56,55,0.05,0.09,8.83,0.00,37.76,0.11,0.37,0.14,52.56,0.09
3124401,ESPÍRITO SANTO DO DOURADO - MG,263.879,0,6,137,0,2461,6,9,12,900,5,2461,3536,69.60,30,0.00,0.17,3.87,0.00,69.60,0.17,0.25,0.34,25.45,0.14
3124500,ESTIVA - MG,243.872,8,11,256,0,4748,7,113,21,1365,21,4748,6550,72.49,30,0.12,0.17,3.91,0.00,72.49,0.11,1.73,0.32,20.84,0.32
3124609,ESTRELA DALVA - MG,131.365,0,2,50,0,1545,0,9,10,316,1,1545,1933,79.93,30,0.00,0.10,2.59,0.00,79.93,0.00,0.47,0.52,16.35,0.05
3124708,ESTRELA DO INDAIÁ - MG,635.981,4,2,69,0,1551,0,2,3,312,1,1551,1944,79.78,30,0.21,0.10,3.55,0.00,79.78,0.00,0.10,0.15,16.05,0.05
3124807,ESTRELA DO SUL - MG,822.4539999999998,1,1,93,0,2548,2,10,5,1083,2,2548,3745,68.04,30,0.03,0.03,2.48,0.00,68.04,0.05,0.27,0.13,28.92,0.05
3124906,EUGENÓPOLIS - MG,309.395,2,2,327,0,3790,13,29,9,2159,2,3790,6333,59.85,30,0.03,0.03,5.16,0.00,59.85,0.21,0.46,0.14,34.09,0.03
3125002,EWBANK DA CÂMARA - MG,103.834,3,4,122,0,1497,1,15,16,1329,1,1497,2988,50.10,30,0.10,0.13,4.08,0.00,50.10,0.03,0.50,0.54,44.48,0.03
3125101,EXTREMA - MG,244.575,23,26,1108,0,17817,21,167,133,3491,36,17817,22822,78.07,30,0.10,0.11,4.85,0.00,78.07,0.09,0.73,0.58,15.30,0.16
3125200,FAMA - MG,86.024,2,0,91,0,1462,2,4,5,536,2,1462,2104,69.49,30,0.10,0.00,4.33,0.00,69.49,0.10,0.19,0.24,25.48,0.10
3125309,FARIA LEMOS - MG,165.224,1,0,104,0,1054,0,9,2,1067,1,1067,2238,47.68,55,0.04,0.00,4.65,0.00,47.10,0.00,0.40,0.09,47.68,0.04
3125408,FELÍCIO DOS SANTOS - MG,357.622,0,1,156,0,1691,2,7,4,981,1,1691,2843,59.48,30,0.00,0.04,5.49,0.00,59.48,0.07,0.25,0.14,34.51,0.04
3125507,SÃO GONÇALO DO RIO PRETO - MG,314.458,1,1,116,0,513,1,28,2,1108,0,1108,1770,62.60,55,0.06,0.06,6.55,0.00,28.98,0.06,1.58,0.11,62.60,0.00
3125606,FELISBURGO - MG,596.215,0,0,137,0,1039,4,22,3,1985,3,1985,3193,62.17,55,0.00,0.00,4.29,0.00,32.54,0.13,0.69,0.09,62.17,0.09
3125705,FELIXLÂNDIA - MG,1554.627,8,7,349,0,4151,4,34,10,2815,7,4151,7385,56.21,30,0.11,0.09,4.73,0.00,56.21,0.05,0.46,0.14,38.12,0.09
3125804,FERNANDES TOURINHO - MG,151.875,0,2,106,0,1285,0,5,1,323,2,1285,1724,74.54,30,0.00,0.12,6.15,0.00,74.54,0.00,0.29,0.06,18.74,0.12
3125903,FERROS - MG,1088.791,3,4,208,0,2232,8,26,10,2751,4,2751,5246,52.44,55,0.06,0.08,3.96,0.00,42.55,0.15,0.50,0.19,52.44,0.08
3125952,FERVEDOURO - MG,357.683,1,8,317,0,2757,5,29,8,2320,1,2757,5446,50.62,30,0.02,0.15,5.82,0.00,50.62,0.09,0.53,0.15,42.60,0.02
3126000,FLORESTAL - MG,194.242,8,6,330,0,2398,4,30,15,1847,7,2398,4645,51.63,30,0.17,0.13,7.10,0.00,51.63,0.09,0.65,0.32,39.76,0.15
3126109,FORMIGA - MG,1501.915,23,41,3103,0,24370,48,147,99,8123,33,24370,35987,67.72,30,0.06,0.11,8.62,0.00,67.72,0.13,0.41,0.28,22.57,0.09
3126208,FORMOSO - MG,3686.004,0,0,902,0,1782,1,7,2,1262,0,1782,3956,45.05,30,0.00,0.00,22.80,0.00,45.05,0.03,0.18,0.05,31.90,0.00
3126307,FORTALEZA DE MINAS - MG,218.792,2,3,121,0,1347,4,10,5,467,5,1347,1964,68.58,30,0.10,0.15,6.16,0.00,68.58,0.20,0.51,0.25,23.78,0.25
3126406,FORTUNA DE MINAS - MG,198.709,0,0,79,0,1003,3,9,1,941,1,1003,2037,49.24,30,0.00,0.00,3.88,0.00,49.24,0.15,0.44,0.05,46.20,0.05
3126505,FRANCISCO BADARÓ - MG,461.481,1,5,102,0,1594,3,14,4,2257,2,2257,3982,56.68,55,0.03,0.13,2.56,0.00,40.03,0.08,0.35,0.10,56.68,0.05
3126604,FRANCISCO DUMONT - MG,1576.128,1,0,135,0,1241,2,15,1,1299,1,1299,2695,48.20,55,0.04,0.00,5.01,0.00,46.05,0.07,0.56,0.04,48.20,0.04
3126703,FRANCISCO SÁ - MG,2747.295,4,9,727,0,5027,15,55,16,6473,4,6473,12330,52.50,55,0.03,0.07,5.90,0.00,40.77,0.12,0.45,0.13,52.50,0.03
3126752,FRANCISCÓPOLIS - MG,717.087,0,0,144,0,913,1,9,2,1808,0,1808,2877,62.84,55,0.00,0.00,5.01,0.00,31.73,0.03,0.31,0.07,62.84,0.00
3126802,FREI GASPAR - MG,626.672,0,2,123,0,2411,7,11,5,789,2,2411,3350,71.97,30,0.00,0.06,3.67,0.00,71.97,0.21,0.33,0.15,23.55,0.06
3126901,FREI INOCÊNCIO - MG,469.557,3,4,314,0,2287,7,15,7,1697,5,2287,4339,52.71,30,0.07,0.09,7.24,0.00,52.71,0.16,0.35,0.16,39.11,0.12
3126950,FREI LAGONEGRO - MG,167.474,0,1,86,0,1015,3,21,2,1032,1,1032,2161,47.76,55,0.00,0.05,3.98,0.00,46.97,0.14,0.97,0.09,47.76,0.05
3127008,FRONTEIRA - MG,199.987,9,4,376,0,4412,31,21,15,1865,2,4412,6735,65.51,30,0.13,0.06,5.58,0.00,65.51,0.46,0.31,0.22,27.69,0.03
3127057,FRONTEIRA DOS VALES - MG,320.757,3,1,107,0,780,4,16,4,1592,2,1592,2509,63.45,55,0.12,0.04,4.26,0.00,31.09,0.16,0.64,0.16,63.45,0.08
3127073,FRUTA DE LEITE - MG,762.837,1,0,68,0,1128,2,13,4,1427,2,1427,2645,53.95,55,0.04,0.00,2.57,0.00,42.65,0.08,0.49,0.15,53.95,0.08
3127107,FRUTAL - MG,2426.965,23,20,1857,0,16574,75,95,127,7005,61,16574,25837,64.15,30,0.09,0.08,7.19,0.00,64.15,0.29,0.37,0.49,27.11,0.24
3127206,FUNILÂNDIA - MG,199.797,4,1,363,0,1733,21,10,5,1303,1,1733,3441,50.36,30,0.12,0.03,10.55,0.00,50.36,0.61,0.29,0.15,37.87,0.03
3127305,GALILÉIA - MG,720.355,4,4,240,0,1831,5,36,9,1208,3,1831,3340,54.82,30,0.12,0.12,7.19,0.00,54.82,0.15,1.08,0.27,36.17,0.09
3127339,GAMELEIRAS - MG,1733.203,0,0,98,0,1854,2,39,0,1133,1,1854,3127,59.29,30,0.00,0.00,3.13,0.00,59.29,0.06,1.25,0.00,36.23,0.03
3127354,GLAUCILÂNDIA - MG,145.861,0,2,181,0,1011,4,0,1,1569,1,1569,2769,56.66,55,0.00,0.07,6.54,0.00,36.51,0.14,0.00,0.04,56.66,0.04
3127370,GOIABEIRA - MG,112.443,0,2,112,0,1516,2,13,2,391,0,1516,2038,74.39,30,0.00,0.10,5.50,0.00,74.39,0.10,0.64,0.10,19.19,0.00
3127388,GOIANÁ - MG,152.039,1,1,156,0,1790,3,10,15,855,0,1790,2831,63.23,30,0.04,0.04,5.51,0.00,63.23,0.11,0.35,0.53,30.20,0.00
3127404,GONÇALVES - MG,187.353,2,2,147,0,1993,4,89,10,369,4,1993,2620,76.07,30,0.08,0.08,5.61,0.00,76.07,0.15,3.40,0.38,14.08,0.15
3127503,GONZAGA - MG,209.348,1,3,148,0,1613,3,14,7,771,2,1613,2562,62.96,30,0.04,0.12,5.78,0.00,62.96,0.12,0.55,0.27,30.09,0.08
3127602,GOUVEIA - MG,866.601,1,8,1852,0,2440,10,25,8,2316,6,2440,6666,36.60,30,0.02,0.12,27.78,0.00,36.60,0.15,0.38,0.12,34.74,0.09
3127701,GOVERNADOR VALADARES - MG,2342.325,86,144,15380,0,81310,195,703,388,33352,193,81310,131751,61.71,30,0.07,0.11,11.67,0.00,61.71,0.15,0.53,0.29,25.31,0.15
3127800,GRÃO MOGOL - MG,3885.294,5,4,343,0,3034,4,25,5,3725,8,3725,7153,52.08,55,0.07,0.06,4.80,0.00,42.42,0.06,0.35,0.07,52.08,0.11
3127909,GRUPIARA - MG,193.141,0,0,69,0,830,0,3,0,258,0,830,1160,71.55,30,0.00,0.00,5.95,0.00,71.55,0.00,0.26,0.00,22.24,0.00
3128006,GUANHÃES - MG,1075.124,14,12,624,0,7844,18,88,25,5436,13,7844,14074,55.73,30,0.10,0.09,4.43,0.00,55.73,0.13,0.63,0.18,38.62,0.09
3128105,GUAPÉ - MG,934.345,9,6,327,0,5704,10,25,22,1224,3,5704,7330,77.82,30,0.12,0.08,4.46,0.00,77.82,0.14,0.34,0.30,16.70,0.04
3128204,GUARACIABA - MG,348.596,2,6,154,0,2447,6,42,9,2496,7,2496,5169,48.29,55,0.04,0.12,2.98,0.00,47.34,0.12,0.81,0.17,48.29,0.14
3128253,GUARACIAMA - MG,390.263,1,1,82,0,1129,3,10,5,2292,0,2292,3523,65.06,55,0.03,0.03,2.33,0.00,32.05,0.09,0.28,0.14,65.06,0.00
3128303,GUARANÉSIA - MG,294.828,9,6,366,0,5700,17,52,36,3397,11,5700,9594,59.41,30,0.09,0.06,3.81,0.00,59.41,0.18,0.54,0.38,35.41,0.11
3128402,GUARANI - MG,264.194,1,4,213,0,2401,7,37,27,1852,2,2401,4544,52.84,30,0.02,0.09,4.69,0.00,52.84,0.15,0.81,0.59,40.76,0.04
3128501,GUARARÁ - MG,88.655,3,2,121,0,1443,2,36,14,691,0,1443,2312,62.41,30,0.13,0.09,5.23,0.00,62.41,0.09,1.56,0.61,29.89,0.00
3128600,GUARDA-MOR - MG,2068.808,8,1,246,0,2413,17,18,6,1076,4,2413,3789,63.68,30,0.21,0.03,6.49,0.00,63.68,0.45,0.48,0.16,28.40,0.11
3128709,GUAXUPÉ - MG,286.398,18,21,1002,0,17122,25,164,114,6296,64,17122,24826,68.97,30,0.07,0.08,4.04,0.00,68.97,0.10,0.66,0.46,25.36,0.26
3128808,GUIDOVAL - MG,158.375,0,9,158,0,2777,9,16,7,1528,1,2777,4505,61.64,30,0.00,0.20,3.51,0.00,61.64,0.20,0.36,0.16,33.92,0.02
3128907,GUIMARÂNIA - MG,366.833,1,3,188,0,2941,7,28,11,1261,6,2941,4446,66.15,30,0.02,0.07,4.23,0.00,66.15,0.16,0.63,0.25,28.36,0.13
3129004,GUIRICEMA - MG,293.578,1,7,161,0,2554,10,13,10,2259,4,2554,5019,50.89,30,0.02,0.14,3.21,0.00,50.89,0.20,0.26,0.20,45.01,0.08
3129103,GURINHATÃ - MG,1849.137,1,3,157,0,2340,2,10,14,779,4,2340,3310,70.69,30,0.03,0.09,4.74,0.00,70.69,0.06,0.30,0.42,23.53,0.12
3129202,HELIODORA - MG,153.95,3,2,161,0,2284,13,17,12,1064,5,2284,3561,64.14,30,0.08,0.06,4.52,0.00,64.14,0.37,0.48,0.34,29.88,0.14
3129301,IAPU - MG,340.994,4,5,272,0,3165,14,20,3,1911,2,3165,5396,58.65,30,0.07,0.09,5.04,0.00,58.65,0.26,0.37,0.06,35.42,0.04
3129400,IBERTIOGA - MG,346.24,1,4,86,0,1265,0,232,10,1627,6,1627,3231,50.36,55,0.03,0.12,2.66,0.00,39.15,0.00,7.18,0.31,50.36,0.19
3129509,IBIÁ - MG,2704.132,2,10,387,0,7469,6,36,20,2875,7,7469,10812,69.08,30,0.02,0.09,3.58,0.00,69.08,0.06,0.33,0.18,26.59,0.06
3129608,IBIAÍ - MG,874.76,0,1,180,0,1372,0,7,1,2413,1,2413,3975,60.70,55,0.00,0.03,4.53,0.00,34.52,0.00,0.18,0.03,60.70,0.03
3129657,IBIRACATU - MG,353.257,2,1,139,0,1250,2,5,2,2109,1,2109,3511,60.07,55,0.06,0.03,3.96,0.00,35.60,0.06,0.14,0.06,60.07,0.03
3129707,IBIRACI - MG,562.095,6,6,309,0,4086,10,22,19,1762,1,4086,6221,65.68,30,0.10,0.10,4.97,0.00,65.68,0.16,0.35,0.31,28.32,0.02
3129806,IBIRITÉ - MG,72.39499999999998,140,66,9756,0,39005,85,375,261,35728,112,39005,85528,45.60,30,0.16,0.08,11.41,0.00,45.60,0.10,0.44,0.31,41.77,0.13
3129905,IBITIÚRA DE MINAS - MG,68.316,1,2,123,0,1930,1,14,2,217,3,1930,2293,84.17,30,0.04,0.09,5.36,0.00,84.17,0.04,0.61,0.09,9.46,0.13
3130002,IBITURUNA - MG,153.106,0,3,82,0,1106,1,8,5,527,1,1106,1733,63.82,30,0.00,0.17,4.73,0.00,63.82,0.06,0.46,0.29,30.41,0.06
3130051,ICARAÍ DE MINAS - MG,625.664,1,3,201,0,2365,2,11,5,3135,1,3135,5724,54.77,55,0.02,0.05,3.51,0.00,41.32,0.03,0.19,0.09,54.77,0.02
3130101,IGARAPÉ - MG,110.942,23,14,2634,0,10462,28,84,49,8158,25,10462,21477,48.71,30,0.11,0.07,12.26,0.00,48.71,0.13,0.39,0.23,37.98,0.12
3130200,IGARATINGA - MG,218.343,6,4,261,0,4149,13,22,14,1083,5,4149,5557,74.66,30,0.11,0.07,4.70,0.00,74.66,0.23,0.40,0.25,19.49,0.09
3130309,IGUATAMA - MG,628.2,0,2,140,0,3048,1,15,11,1131,3,3048,4351,70.05,30,0.00,0.05,3.22,0.00,70.05,0.02,0.34,0.25,25.99,0.07
3130408,IJACI - MG,105.246,6,3,180,0,2718,3,15,27,712,7,2718,3671,74.04,30,0.16,0.08,4.90,0.00,74.04,0.08,0.41,0.74,19.40,0.19
3130507,ILICÍNEA - MG,376.341,16,1,220,0,4351,24,21,18,2070,13,4351,6734,64.61,30,0.24,0.01,3.27,0.00,64.61,0.36,0.31,0.27,30.74,0.19
3130556,IMBÉ DE MINAS - MG,196.735,0,0,220,0,1586,11,19,3,1837,1,1837,3677,49.96,55,0.00,0.00,5.98,0.00,43.13,0.30,0.52,0.08,49.96,0.03
3130606,INCONFIDENTES - MG,149.611,3,1,212,0,3206,7,13,17,950,7,3206,4416,72.60,30,0.07,0.02,4.80,0.00,72.60,0.16,0.29,0.38,21.51,0.16
3130655,INDAIABIRA - MG,1004.149,1,2,232,0,2264,4,20,1,1161,1,2264,3686,61.42,30,0.03,0.05,6.29,0.00,61.42,0.11,0.54,0.03,31.50,0.03
3130705,INDIANÓPOLIS - MG,830.0299999999999,2,0,136,0,2454,11,6,5,812,0,2454,3426,71.63,30,0.06,0.00,3.97,0.00,71.63,0.32,0.18,0.15,23.70,0.00
3130804,INGAÍ - MG,305.591,1,0,64,0,1221,2,40,2,453,2,1221,1785,68.40,30,0.06,0.00,3.59,0.00,68.40,0.11,2.24,0.11,25.38,0.11
3130903,INHAPIM - MG,858.024,5,4,907,0,8039,14,34,23,3951,11,8039,12988,61.90,30,0.04,0.03,6.98,0.00,61.90,0.11,0.26,0.18,30.42,0.08
3131000,INHAÚMA - MG,244.996,0,3,225,0,2160,6,17,7,1495,3,2160,3916,55.16,30,0.00,0.08,5.75,0.00,55.16,0.15,0.43,0.18,38.18,0.08
3131109,INIMUTABA - MG,527.06,3,4,196,0,2469,7,9,4,1428,1,2469,4121,59.91,30,0.07,0.10,4.76,0.00,59.91,0.17,0.22,0.10,34.65,0.02
3131158,IPABA - MG,113.246,7,12,920,0,4373,31,37,12,3341,8,4373,8741,50.03,30,0.08,0.14,10.53,0.00,50.03,0.35,0.42,0.14,38.22,0.09
3131208,IPANEMA - MG,456.641,2,5,605,0,6090,23,41,10,3203,8,6090,9987,60.98,30,0.02,0.05,6.06,0.00,60.98,0.23,0.41,0.10,32.07,0.08
3131307,IPATINGA - MG,164.884,163,199,9986,0,79724,345,390,383,31341,233,79724,122764,64.94,30,0.13,0.16,8.13,0.00,64.94,0.28,0.32,0.31,25.53,0.19
3131406,IPIAÇU - MG,466.02,1,1,76,0,1487,0,9,1,846,0,1487,2421,61.42,30,0.04,0.04,3.14,0.00,61.42,0.00,0.37,0.04,34.94,0.00
3131505,IPUIÚNA - MG,298.195,1,5,197,0,4259,7,36,12,1053,12,4259,5582,76.30,30,0.02,0.09,3.53,0.00,76.30,0.13,0.64,0.21,18.86,0.21
3131604,IRAÍ DE MINAS - MG,356.264,3,3,172,0,3131,9,9,9,1117,7,3131,4460,70.20,30,0.07,0.07,3.86,0.00,70.20,0.20,0.20,0.20,25.04,0.16
3131703,ITABIRA - MG,1253.704,94,146,3697,0,31074,95,351,177,25074,64,31074,60772,51.13,30,0.15,0.24,6.08,0.00,51.13,0.16,0.58,0.29,41.26,0.11
3131802,ITABIRINHA - MG,209.034,0,3,286,0,3245,6,45,4,1912,1,3245,5502,58.98,30,0.00,0.05,5.20,0.00,58.98,0.11,0.82,0.07,34.75,0.02
3131901,ITABIRITO - MG,544.027,43,31,1846,0,14882,31,215,133,10534,125,14882,27840,53.46,30,0.15,0.11,6.63,0.00,53.46,0.11,0.77,0.48,37.84,0.45
3132008,ITACAMBIRA - MG,1788.445,6,1,107,0,1402,3,17,7,1560,3,1560,3106,50.23,55,0.19,0.03,3.44,0.00,45.14,0.10,0.55,0.23,50.23,0.10
3132107,ITACARAMBI - MG,1225.273,3,4,427,0,2780,13,41,18,4625,11,4625,7922,58.38,55,0.04,0.05,5.39,0.00,35.09,0.16,0.52,0.23,58.38,0.14
3132206,ITAGUARA - MG,410.468,9,3,436,0,4448,9,42,17,2069,5,4448,7038,63.20,30,0.13,0.04,6.19,0.00,63.20,0.13,0.60,0.24,29.40,0.07
3132305,ITAIPÉ - MG,480.829,4,4,222,0,2154,9,29,6,2630,5,2630,5063,51.95,55,0.08,0.08,4.38,0.00,42.54,0.18,0.57,0.12,51.95,0.10
3132404,ITAJUBÁ - MG,294.835,74,68,2989,0,35263,70,189,208,10365,107,35263,49333,71.48,30,0.15,0.14,6.06,0.00,71.48,0.14,0.38,0.42,21.01,0.22
3132503,ITAMARANDIBA - MG,2735.573,18,20,883,0,6745,20,65,32,7822,14,7822,15619,50.08,55,0.12,0.13,5.65,0.00,43.18,0.13,0.42,0.20,50.08,0.09
3132602,ITAMARATI DE MINAS - MG,94.568,2,2,85,0,1605,6,16,9,836,1,1605,2562,62.65,30,0.08,0.08,3.32,0.00,62.65,0.23,0.62,0.35,32.63,0.04
3132701,ITAMBACURI - MG,1419.209,6,7,468,0,4424,21,44,18,5376,3,5376,10367,51.86,55,0.06,0.07,4.51,0.00,42.67,0.20,0.42,0.17,51.86,0.03
3132800,ITAMBÉ DO MATO DENTRO - MG,380.34,3,0,80,0,901,2,12,3,715,1,901,1717,52.48,30,0.17,0.00,4.66,0.00,52.48,0.12,0.70,0.17,41.64,0.06
3132909,ITAMOGI - MG,243.714,0,5,264,0,4143,11,16,15,1417,5,4143,5876,70.51,30,0.00,0.09,4.49,0.00,70.51,0.19,0.27,0.26,24.12,0.09
3133006,ITAMONTE - MG,431.792,7,12,490,0,5369,14,34,44,1957,13,5369,7940,67.62,30,0.09,0.15,6.17,0.00,67.62,0.18,0.43,0.55,24.65,0.16
3133105,ITANHANDU - MG,143.363,11,11,508,0,5345,14,63,40,2290,18,5345,8300,64.40,30,0.13,0.13,6.12,0.00,64.40,0.17,0.76,0.48,27.59,0.22
3133204,ITANHOMI - MG,488.843,3,9,374,0,2746,5,25,9,2691,8,2746,5870,46.78,30,0.05,0.15,6.37,0.00,46.78,0.09,0.43,0.15,45.84,0.14
3133303,ITAOBIM - MG,679.024,4,2,766,0,3929,13,58,14,5059,5,5059,9850,51.36,55,0.04,0.02,7.78,0.00,39.89,0.13,0.59,0.14,51.36,0.05
3133402,ITAPAGIPE - MG,1802.438,7,9,219,0,4830,22,35,11,1900,13,4830,7046,68.55,30,0.10,0.13,3.11,0.00,68.55,0.31,0.50,0.16,26.97,0.18
3133501,ITAPECERICA - MG,1040.519,16,13,453,0,7689,8,54,36,3779,21,7689,12069,63.71,30,0.13,0.11,3.75,0.00,63.71,0.07,0.45,0.30,31.31,0.17
3133600,ITAPEVA - MG,177.347,4,3,255,0,4413,3,30,17,700,7,4413,5432,81.24,30,0.07,0.06,4.69,0.00,81.24,0.06,0.55,0.31,12.89,0.13
3133709,ITATIAIUÇU - MG,295.145,3,5,430,0,4770,1,40,6,1714,6,4770,6975,68.39,30,0.04,0.07,6.16,0.00,68.39,0.01,0.57,0.09,24.57,0.09
3133758,ITAÚ DE MINAS - MG,153.421,8,19,328,0,6184,13,21,48,1532,7,6184,8160,75.78,30,0.10,0.23,4.02,0.00,75.78,0.16,0.26,0.59,18.77,0.09
3133808,ITAÚNA - MG,495.769,38,38,4428,0,33607,25,223,156,10606,103,33607,49224,68.27,30,0.08,0.08,9.00,0.00,68.27,0.05,0.45,0.32,21.55,0.21
3133907,ITAVERAVA - MG,284.22,1,5,115,0,2437,3,48,3,1109,6,2437,3727,65.39,30,0.03,0.13,3.09,0.00,65.39,0.08,1.29,0.08,29.76,0.16
3134004,ITINGA - MG,1649.622,1,5,278,0,1514,7,31,10,4707,19,4707,6572,71.62,55,0.02,0.08,4.23,0.00,23.04,0.11,0.47,0.15,71.62,0.29
3134103,ITUETA - MG,452.676,0,0,214,0,2324,4,7,9,816,3,2324,3377,68.82,30,0.00,0.00,6.34,0.00,68.82,0.12,0.21,0.27,24.16,0.09
3134202,ITUIUTABA - MG,2598.046,37,41,2286,0,29828,71,146,199,19304,55,29828,51967,57.40,30,0.07,0.08,4.40,0.00,57.40,0.14,0.28,0.38,37.15,0.11
3134301,ITUMIRIM - MG,234.802,4,2,196,0,2388,14,22,20,1177,7,2388,3830,62.35,30,0.10,0.05,5.12,0.00,62.35,0.37,0.57,0.52,30.73,0.18
3134400,ITURAMA - MG,1404.663,26,20,816,0,12355,84,44,41,6226,17,12355,19629,62.94,30,0.13,0.10,4.16,0.00,62.94,0.43,0.22,0.21,31.72,0.09
3134509,ITUTINGA - MG,372.018,0,3,114,0,1308,3,27,13,1001,1,1308,2470,52.96,30,0.00,0.12,4.62,0.00,52.96,0.12,1.09,0.53,40.53,0.04
3134608,JABOTICATUBAS - MG,1114.972,5,3,772,0,5394,7,42,26,4248,10,5394,10507,51.34,30,0.05,0.03,7.35,0.00,51.34,0.07,0.40,0.25,40.43,0.10
3134707,JACINTO - MG,1393.609,2,1,361,0,2531,9,33,6,2641,1,2641,5585,47.29,55,0.04,0.02,6.46,0.00,45.32,0.16,0.59,0.11,47.29,0.02
3134806,JACUÍ - MG,409.229,1,3,228,0,3304,15,16,7,462,10,3304,4046,81.66,30,0.02,0.07,5.64,0.00,81.66,0.37,0.40,0.17,11.42,0.25
3134905,JACUTINGA - MG,347.667,6,10,914,0,10473,5,42,56,1282,21,10473,12809,81.76,30,0.05,0.08,7.14,0.00,81.76,0.04,0.33,0.44,10.01,0.16
3135001,JAGUARAÇU - MG,163.76,4,3,142,0,1406,5,9,3,604,1,1406,2177,64.58,30,0.18,0.14,6.52,0.00,64.58,0.23,0.41,0.14,27.74,0.05
3135050,JAÍBA - MG,2635.467,11,8,836,0,7843,18,44,23,7942,5,7942,16730,47.47,55,0.07,0.05,5.00,0.00,46.88,0.11,0.26,0.14,47.47,0.03
3135076,JAMPRUCA - MG,517.095,3,3,104,0,1171,0,9,4,1347,3,1347,2644,50.95,55,0.11,0.11,3.93,0.00,44.29,0.00,0.34,0.15,50.95,0.11
3135100,JANAÚBA - MG,2181.319,9,23,7057,0,13952,36,89,55,13893,24,13952,35138,39.71,30,0.03,0.07,20.08,0.00,39.71,0.10,0.25,0.16,39.54,0.07
3135209,JANUÁRIA - MG,6661.588,11,14,1296,0,14678,24,89,46,14800,28,14800,30986,47.76,55,0.04,0.05,4.18,0.00,47.37,0.08,0.29,0.15,47.76,0.09
3135308,JAPARAÍBA - MG,172.141,4,2,91,0,1685,3,10,3,723,3,1685,2524,66.76,30,0.16,0.08,3.61,0.00,66.76,0.12,0.40,0.12,28.65,0.12
3135357,JAPONVAR - MG,375.181,1,1,253,0,1634,4,11,2,3411,0,3411,5317,64.15,55,0.02,0.02,4.76,0.00,30.73,0.08,0.21,0.04,64.15,0.00
3135407,JECEABA - MG,236.25,3,5,196,0,2059,1,40,8,1666,4,2059,3982,51.71,30,0.08,0.13,4.92,0.00,51.71,0.03,1.00,0.20,41.84,0.10
3135456,JENIPAPO DE MINAS - MG,284.453,3,2,105,0,1168,4,13,4,1807,6,1807,3112,58.07,55,0.10,0.06,3.37,0.00,37.53,0.13,0.42,0.13,58.07,0.19
3135506,JEQUERI - MG,547.897,11,4,200,0,3076,3,71,4,2996,4,3076,6369,48.30,30,0.17,0.06,3.14,0.00,48.30,0.05,1.11,0.06,47.04,0.06
3135605,JEQUITAÍ - MG,1268.443,0,1,216,0,2032,2,6,5,1570,2,2032,3834,53.00,30,0.00,0.03,5.63,0.00,53.00,0.05,0.16,0.13,40.95,0.05
3135704,JEQUITIBÁ - MG,445.03,3,1,256,0,2283,6,14,4,1394,0,2283,3961,57.64,30,0.08,0.03,6.46,0.00,57.64,0.15,0.35,0.10,35.19,0.00
3135803,JEQUITINHONHA - MG,3514.216,0,7,463,0,3681,9,39,10,6616,10,6616,10835,61.06,55,0.00,0.06,4.27,0.00,33.97,0.08,0.36,0.09,61.06,0.09
3135902,JESUÂNIA - MG,153.852,3,5,150,0,1909,3,12,6,680,0,1909,2768,68.97,30,0.11,0.18,5.42,0.00,68.97,0.11,0.43,0.22,24.57,0.00
3136009,JOAÍMA - MG,1664.19,3,3,199,0,1719,9,18,2,4218,4,4218,6175,68.31,55,0.05,0.05,3.22,0.00,27.84,0.15,0.29,0.03,68.31,0.06
3136108,JOANÉSIA - MG,233.292,3,2,190,0,1511,7,20,4,1139,2,1511,2878,52.50,30,0.10,0.07,6.60,0.00,52.50,0.24,0.69,0.14,39.58,0.07
3136207,JOÃO MONLEVADE - MG,99.158,61,73,2191,0,21488,41,213,127,15523,52,21488,39769,54.03,30,0.15,0.18,5.51,0.00,54.03,0.10,0.54,0.32,39.03,0.13
3136306,JOÃO PINHEIRO - MG,10727.097,12,18,1578,0,15915,20,170,46,6731,20,15915,24510,64.93,30,0.05,0.07,6.44,0.00,64.93,0.08,0.69,0.19,27.46,0.08
3136405,JOAQUIM FELÍCIO - MG,790.9349999999998,0,1,124,0,1257,0,3,0,765,0,1257,2150,58.47,30,0.00,0.05,5.77,0.00,58.47,0.00,0.14,0.00,35.58,0.00
3136504,JORDÂNIA - MG,546.705,1,1,577,0,1159,15,34,6,2858,2,2858,4653,61.42,55,0.02,0.02,12.40,0.00,24.91,0.32,0.73,0.13,61.42,0.04
3136520,JOSÉ GONÇALVES DE MINAS - MG,381.332,3,1,100,0,1147,0,14,5,970,1,1147,2241,51.18,30,0.13,0.04,4.46,0.00,51.18,0.00,0.62,0.22,43.28,0.04
3136553,JOSÉ RAYDAN - MG,180.822,0,1,123,0,940,2,23,3,1306,0,1306,2398,54.46,55,0.00,0.04,5.13,0.00,39.20,0.08,0.96,0.13,54.46,0.00
3136579,JOSENÓPOLIS - MG,541.393,0,1,888,0,309,1,5,2,736,0,888,1942,45.73,22,0.00,0.05,45.73,0.00,15.91,0.05,0.26,0.10,37.90,0.00
3136603,NOVA UNIÃO - MG,172.131,1,1,160,0,1737,2,15,7,1566,2,1737,3491,49.76,30,0.03,0.03,4.58,0.00,49.76,0.06,0.43,0.20,44.86,0.06
3136652,JUATUBA - MG,97.172,11,29,1797,0,6951,15,52,32,6464,29,6951,15380,45.20,30,0.07,0.19,11.68,0.00,45.20,0.10,0.34,0.21,42.03,0.19
3136702,JUIZ DE FORA - MG,1435.749,381,558,18171,0,155127,833,3453,6927,94564,595,155127,280609,55.28,30,0.14,0.20,6.48,0.00,55.28,0.30,1.23,2.47,33.70,0.21
3136801,JURAMENTO - MG,431.63,2,0,170,0,1518,4,18,6,1450,1,1518,3169,47.90,30,0.06,0.00,5.36,0.00,47.90,0.13,0.57,0.19,45.76,0.03
3136900,JURUAIA - MG,220.353,1,5,205,0,5030,4,40,17,1350,4,5030,6656,75.57,30,0.02,0.08,3.08,0.00,75.57,0.06,0.60,0.26,20.28,0.06
3136959,JUVENÍLIA - MG,1064.692,3,0,246,0,1268,6,8,4,1801,0,1801,3336,53.99,55,0.09,0.00,7.37,0.00,38.01,0.18,0.24,0.12,53.99,0.00
3137007,LADAINHA - MG,866.2899999999998,1,4,274,0,2891,9,36,7,3179,6,3179,6407,49.62,55,0.02,0.06,4.28,0.00,45.12,0.14,0.56,0.11,49.62,0.09
3137106,LAGAMAR - MG,1474.562,6,0,172,0,3112,3,7,5,1180,7,3112,4492,69.28,30,0.13,0.00,3.83,0.00,69.28,0.07,0.16,0.11,26.27,0.16
3137205,LAGOA DA PRATA - MG,439.984,13,13,1309,0,17996,41,89,43,4885,41,17996,24430,73.66,30,0.05,0.05,5.36,0.00,73.66,0.17,0.36,0.18,20.00,0.17
3137304,LAGOA DOS PATOS - MG,600.547,1,2,158,0,1092,0,5,4,1031,0,1092,2293,47.62,30,0.04,0.09,6.89,0.00,47.62,0.00,0.22,0.17,44.96,0.00
3137403,LAGOA DOURADA - MG,476.693,5,6,293,0,4029,7,36,17,2407,3,4029,6803,59.22,30,0.07,0.09,4.31,0.00,59.22,0.10,0.53,0.25,35.38,0.04
3137502,LAGOA FORMOSA - MG,840.9199999999998,7,8,564,0,6770,9,57,12,2926,10,6770,10363,65.33,30,0.07,0.08,5.44,0.00,65.33,0.09,0.55,0.12,28.24,0.10
3137536,LAGOA GRANDE - MG,1236.301,1,3,260,0,2687,4,13,3,2213,8,2687,5192,51.75,30,0.02,0.06,5.01,0.00,51.75,0.08,0.25,0.06,42.62,0.15
3137601,LAGOA SANTA - MG,229.409,40,49,3280,0,20563,44,150,121,10880,64,20563,35191,58.43,30,0.11,0.14,9.32,0.00,58.43,0.13,0.43,0.34,30.92,0.18
3137700,LAJINHA - MG,431.92,6,5,983,0,4781,53,67,18,4278,9,4781,10200,46.87,30,0.06,0.05,9.64,0.00,46.87,0.52,0.66,0.18,41.94,0.09
3137809,LAMBARI - MG,213.11,7,7,838,0,8091,12,57,52,2425,17,8091,11506,70.32,30,0.06,0.06,7.28,0.00,70.32,0.10,0.50,0.45,21.08,0.15
3137908,LAMIM - MG,118.602,2,0,74,0,746,1,13,2,1481,3,1481,2322,63.78,55,0.09,0.00,3.19,0.00,32.13,0.04,0.56,0.09,63.78,0.13
3138005,LARANJAL - MG,204.882,0,5,346,0,2140,6,9,11,1443,3,2140,3963,54.00,30,0.00,0.13,8.73,0.00,54.00,0.15,0.23,0.28,36.41,0.08
3138104,LASSANCE - MG,3204.217,3,3,229,0,1535,10,20,4,1820,0,1820,3624,50.22,55,0.08,0.08,6.32,0.00,42.36,0.28,0.55,0.11,50.22,0.00
3138203,LAVRAS - MG,564.744,68,74,3500,0,31135,84,379,325,12742,125,31135,48432,64.29,30,0.14,0.15,7.23,0.00,64.29,0.17,0.78,0.67,26.31,0.26
3138302,LEANDRO FERREIRA - MG,352.005,1,2,116,0,1667,1,12,19,476,2,1667,2296,72.60,30,0.04,0.09,5.05,0.00,72.60,0.04,0.52,0.83,20.73,0.09
3138351,LEME DO PRADO - MG,280.036,0,0,62,0,1000,2,9,4,1474,2,1474,2553,57.74,55,0.00,0.00,2.43,0.00,39.17,0.08,0.35,0.16,57.74,0.08
3138401,LEOPOLDINA - MG,943.0770000000001,21,27,1121,0,14728,41,375,127,10943,44,14728,27427,53.70,30,0.08,0.10,4.09,0.00,53.70,0.15,1.37,0.46,39.90,0.16
3138500,LIBERDADE - MG,401.337,1,4,115,0,1494,1,99,14,1127,1,1494,2856,52.31,30,0.04,0.14,4.03,0.00,52.31,0.04,3.47,0.49,39.46,0.04
3138609,LIMA DUARTE - MG,848.5639999999999,5,14,351,0,4496,9,155,97,4245,15,4496,9387,47.90,30,0.05,0.15,3.74,0.00,47.90,0.10,1.65,1.03,45.22,0.16
3138625,LIMEIRA DO OESTE - MG,1317.153,4,1,119,0,2656,9,7,4,1589,2,2656,4391,60.49,30,0.09,0.02,2.71,0.00,60.49,0.20,0.16,0.09,36.19,0.05
3138658,LONTRA - MG,258.925,4,1,285,0,2099,2,16,3,2860,1,2860,5271,54.26,55,0.08,0.02,5.41,0.00,39.82,0.04,0.30,0.06,54.26,0.02
3138674,LUISBURGO - MG,145.418,4,6,206,0,2298,17,19,3,1296,7,2298,3856,59.60,30,0.10,0.16,5.34,0.00,59.60,0.44,0.49,0.08,33.61,0.18
3138682,LUISLÂNDIA - MG,411.714,3,0,121,0,1369,5,18,4,2646,1,2646,4167,63.50,55,0.07,0.00,2.90,0.00,32.85,0.12,0.43,0.10,63.50,0.02
3138708,LUMINÁRIAS - MG,500.143,3,5,93,0,2067,1,11,10,790,3,2067,2983,69.29,30,0.10,0.17,3.12,0.00,69.29,0.03,0.37,0.34,26.48,0.10
3138807,LUZ - MG,1171.659,9,10,528,0,6575,14,33,8,2166,6,6575,9349,70.33,30,0.10,0.11,5.65,0.00,70.33,0.15,0.35,0.09,23.17,0.06
3138906,MACHACALIS - MG,332.378,2,2,105,0,2098,4,28,3,1671,2,2098,3915,53.59,30,0.05,0.05,2.68,0.00,53.59,0.10,0.72,0.08,42.68,0.05
3139003,MACHADO - MG,585.958,9,28,828,0,15486,27,51,110,3739,51,15486,20329,76.18,30,0.04,0.14,4.07,0.00,76.18,0.13,0.25,0.54,18.39,0.25
3139102,MADRE DE DEUS DE MINAS - MG,492.909,0,3,124,0,1544,1,111,6,1104,1,1544,2894,53.35,30,0.00,0.10,4.28,0.00,53.35,0.03,3.84,0.21,38.15,0.03
3139201,MALACACHETA - MG,727.8859999999999,4,9,520,0,3473,14,46,11,4628,8,4628,8713,53.12,55,0.05,0.10,5.97,0.00,39.86,0.16,0.53,0.13,53.12,0.09
3139250,MAMONAS - MG,284.365,0,0,183,0,2284,6,25,3,1674,3,2284,4178,54.67,30,0.00,0.00,4.38,0.00,54.67,0.14,0.60,0.07,40.07,0.07
3139300,MANGA - MG,1950.184,11,2,733,0,3408,5,35,23,5534,3,5534,9754,56.74,55,0.11,0.02,7.51,0.00,34.94,0.05,0.36,0.24,56.74,0.03
3139409,MANHUAÇU - MG,628.318,36,55,3218,0,23134,70,150,98,13357,59,23134,40177,57.58,30,0.09,0.14,8.01,0.00,57.58,0.17,0.37,0.24,33.25,0.15
3139508,MANHUMIRIM - MG,182.9,8,12,764,0,6243,24,55,37,3781,8,6243,10932,57.11,30,0.07,0.11,6.99,0.00,57.11,0.22,0.50,0.34,34.59,0.07
3139607,MANTENA - MG,685.208,8,7,1049,0,8714,19,71,17,3275,8,8714,13168,66.18,30,0.06,0.05,7.97,0.00,66.18,0.14,0.54,0.13,24.87,0.06
3139706,MARAVILHAS - MG,261.604,4,3,208,0,3247,6,25,18,1145,1,3247,4657,69.72,30,0.09,0.06,4.47,0.00,69.72,0.13,0.54,0.39,24.59,0.02
3139805,MAR DE ESPANHA - MG,371.6,1,11,434,0,4882,4,47,35,1595,14,4882,7023,69.51,30,0.01,0.16,6.18,0.00,69.51,0.06,0.67,0.50,22.71,0.20
3139904,MARIA DA FÉ - MG,202.898,6,6,375,0,6853,6,44,16,1506,10,6853,8822,77.68,30,0.07,0.07,4.25,0.00,77.68,0.07,0.50,0.18,17.07,0.11
3140001,MARIANA - MG,1194.208,78,73,1269,0,12437,51,211,148,17107,75,17107,31449,54.40,55,0.25,0.23,4.04,0.00,39.55,0.16,0.67,0.47,54.40,0.24
3140100,MARILAC - MG,158.809,5,4,159,0,1316,1,7,6,1125,0,1316,2623,50.17,30,0.19,0.15,6.06,0.00,50.17,0.04,0.27,0.23,42.89,0.00
3140159,MÁRIO CAMPOS - MG,35.196,13,8,1120,0,3743,11,22,20,3429,10,3743,8376,44.69,30,0.16,0.10,13.37,0.00,44.69,0.13,0.26,0.24,40.94,0.12
3140209,MARIPÁ DE MINAS - MG,77.33799999999998,0,3,115,0,1343,3,17,8,605,0,1343,2094,64.14,30,0.00,0.14,5.49,0.00,64.14,0.14,0.81,0.38,28.89,0.00
3140308,MARLIÉRIA - MG,545.813,1,6,206,0,1596,7,14,6,1119,3,1596,2958,53.96,30,0.03,0.20,6.96,0.00,53.96,0.24,0.47,0.20,37.83,0.10
3140407,MARMELÓPOLIS - MG,107.902,0,0,100,0,1482,2,6,4,448,0,1482,2042,72.58,30,0.00,0.00,4.90,0.00,72.58,0.10,0.29,0.20,21.94,0.00
3140506,MARTINHO CAMPOS - MG,1058.418,11,1,513,0,4625,26,26,17,2054,6,4625,7279,63.54,30,0.15,0.01,7.05,0.00,63.54,0.36,0.36,0.23,28.22,0.08
3140530,MARTINS SOARES - MG,113.268,4,3,241,0,2807,13,31,11,2092,2,2807,5204,53.94,30,0.08,0.06,4.63,0.00,53.94,0.25,0.60,0.21,40.20,0.04
3140555,MATA VERDE - MG,227.539,6,1,298,0,2761,7,19,6,1255,0,2761,4353,63.43,30,0.14,0.02,6.85,0.00,63.43,0.16,0.44,0.14,28.83,0.00
3140605,MATERLÂNDIA - MG,280.53,0,4,68,0,1042,4,3,4,1105,1,1105,2231,49.53,55,0.00,0.18,3.05,0.00,46.71,0.18,0.13,0.18,49.53,0.04
3140704,MATEUS LEME - MG,301.383,27,20,1836,0,8811,18,78,46,6585,17,8811,17438,50.53,30,0.15,0.11,10.53,0.00,50.53,0.10,0.45,0.26,37.76,0.10
3140803,MATIAS BARBOSA - MG,157.066,7,3,387,0,4716,20,73,53,2796,7,4716,8062,58.50,30,0.09,0.04,4.80,0.00,58.50,0.25,0.91,0.66,34.68,0.09
3140852,MATIAS CARDOSO - MG,1940.598,0,5,169,0,2049,6,17,5,2168,3,2168,4422,49.03,55,0.00,0.11,3.82,0.00,46.34,0.14,0.38,0.11,49.03,0.07
3140902,MATIPÓ - MG,266.99,4,2,609,0,4034,15,121,15,4708,5,4708,9513,49.49,55,0.04,0.02,6.40,0.00,42.41,0.16,1.27,0.16,49.49,0.05
3141009,MATO VERDE - MG,472.245,10,3,418,0,4034,9,29,11,2992,10,4034,7516,53.67,30,0.13,0.04,5.56,0.00,53.67,0.12,0.39,0.15,39.81,0.13
3141108,MATOZINHOS - MG,252.453,12,20,2242,0,9713,19,85,27,8117,10,9713,20245,47.98,30,0.06,0.10,11.07,0.00,47.98,0.09,0.42,0.13,40.09,0.05
3141207,MATUTINA - MG,260.957,6,4,52,0,1552,4,11,3,494,8,1552,2134,72.73,30,0.28,0.19,2.44,0.00,72.73,0.19,0.52,0.14,23.15,0.37
3141306,MEDEIROS - MG,946.437,3,2,82,0,1624,3,7,8,455,0,1624,2184,74.36,30,0.14,0.09,3.75,0.00,74.36,0.14,0.32,0.37,20.83,0.00
3141405,MEDINA - MG,1435.903,2,6,428,0,3961,14,33,6,5374,3,5374,9827,54.69,55,0.02,0.06,4.36,0.00,40.31,0.14,0.34,0.06,54.69,0.03
3141504,MENDES PIMENTEL - MG,305.507,1,5,163,0,1766,1,65,3,1204,0,1766,3208,55.05,30,0.03,0.16,5.08,0.00,55.05,0.03,2.03,0.09,37.53,0.00
3141603,MERCÊS - MG,348.271,5,7,200,0,2674,10,43,21,2640,7,2674,5607,47.69,30,0.09,0.12,3.57,0.00,47.69,0.18,0.77,0.37,47.08,0.12
3141702,MESQUITA - MG,274.938,2,5,222,0,1626,5,21,2,1239,0,1626,3122,52.08,30,0.06,0.16,7.11,0.00,52.08,0.16,0.67,0.06,39.69,0.00
3141801,MINAS NOVAS - MG,1812.398,3,10,419,0,5259,11,106,16,5783,10,5783,11617,49.78,55,0.03,0.09,3.61,0.00,45.27,0.09,0.91,0.14,49.78,0.09
3141900,MINDURI - MG,219.774,0,2,131,0,1333,0,54,6,663,3,1333,2192,60.81,30,0.00,0.09,5.98,0.00,60.81,0.00,2.46,0.27,30.25,0.14
3142007,MIRABELA - MG,723.278,4,4,466,0,2555,16,25,15,4355,4,4355,7444,58.50,55,0.05,0.05,6.26,0.00,34.32,0.21,0.34,0.20,58.50,0.05
3142106,MIRADOURO - MG,301.672,2,4,267,0,2949,6,13,9,2311,4,2949,5565,52.99,30,0.04,0.07,4.80,0.00,52.99,0.11,0.23,0.16,41.53,0.07
3142205,MIRAÍ - MG,320.695,0,1,420,0,4554,14,57,9,1971,4,4554,7030,64.78,30,0.00,0.01,5.97,0.00,64.78,0.20,0.81,0.13,28.04,0.06
3142254,MIRAVÂNIA - MG,602.128,1,0,43,0,1231,1,11,3,979,0,1231,2269,54.25,30,0.04,0.00,1.90,0.00,54.25,0.04,0.48,0.13,43.15,0.00
3142304,MOEDA - MG,155.112,0,2,203,0,2155,7,28,8,1245,1,2155,3649,59.06,30,0.00,0.05,5.56,0.00,59.06,0.19,0.77,0.22,34.12,0.03
3142403,MOEMA - MG,202.705,2,4,232,0,2789,10,21,9,1464,3,2789,4534,61.51,30,0.04,0.09,5.12,0.00,61.51,0.22,0.46,0.20,32.29,0.07
3142502,MONJOLOS - MG,650.911,0,1,58,0,771,1,3,1,571,2,771,1408,54.76,30,0.00,0.07,4.12,0.00,54.76,0.07,0.21,0.07,40.55,0.14
3142601,MONSENHOR PAULO - MG,216.54,6,2,174,0,3088,2,18,5,1332,4,3088,4631,66.68,30,0.13,0.04,3.76,0.00,66.68,0.04,0.39,0.11,28.76,0.09
3142700,MONTALVÂNIA - MG,1503.755,1,4,305,0,3397,5,21,4,3918,5,3918,7660,51.15,55,0.01,0.05,3.98,0.00,44.35,0.07,0.27,0.05,51.15,0.07
3142809,MONTE ALEGRE DE MINAS - MG,2595.957,6,15,345,0,6294,8,48,118,2697,11,6294,9542,65.96,30,0.06,0.16,3.62,0.00,65.96,0.08,0.50,1.24,28.26,0.12
3142908,MONTE AZUL - MG,1001.296,9,6,783,0,5955,23,25,11,5459,8,5955,12279,48.50,30,0.07,0.05,6.38,0.00,48.50,0.19,0.20,0.09,44.46,0.07
3143005,MONTE BELO - MG,421.283,3,3,372,0,4879,4,11,7,1952,8,4879,7239,67.40,30,0.04,0.04,5.14,0.00,67.40,0.06,0.15,0.10,26.97,0.11
3143104,MONTE CARMELO - MG,1343.035,31,37,894,0,16407,31,94,83,6525,28,16407,24130,67.99,30,0.13,0.15,3.70,0.00,67.99,0.13,0.39,0.34,27.04,0.12
3143153,MONTE FORMOSO - MG,385.553,1,0,99,0,1150,0,17,1,1137,1,1150,2406,47.80,30,0.04,0.00,4.11,0.00,47.80,0.00,0.71,0.04,47.26,0.04
3143203,MONTE SANTO DE MINAS - MG,594.632,6,11,567,0,7755,14,48,21,1925,26,7755,10373,74.76,30,0.06,0.11,5.47,0.00,74.76,0.13,0.46,0.20,18.56,0.25
3143302,MONTES CLAROS - MG,3589.811,151,180,22658,0,113278,205,889,746,63721,286,113278,202114,56.05,30,0.07,0.09,11.21,0.00,56.05,0.10,0.44,0.37,31.53,0.14
3143401,MONTE SIÃO - MG,291.594,3,16,965,0,10516,35,35,50,1280,18,10516,12918,81.41,30,0.02,0.12,7.47,0.00,81.41,0.27,0.27,0.39,9.91,0.14
3143450,MONTEZUMA - MG,1130.419,3,0,188,0,1679,5,13,8,1710,2,1710,3608,47.39,55,0.08,0.00,5.21,0.00,46.54,0.14,0.36,0.22,47.39,0.06
3143500,MORADA NOVA DE MINAS - MG,2084.275,4,9,233,0,3101,0,25,0,1299,9,3101,4680,66.26,30,0.09,0.19,4.98,0.00,66.26,0.00,0.53,0.00,27.76,0.19
3143609,MORRO DA GARÇA - MG,414.772,2,0,54,0,1032,0,4,0,788,1,1032,1881,54.86,30,0.11,0.00,2.87,0.00,54.86,0.00,0.21,0.00,41.89,0.05
3143708,MORRO DO PILAR - MG,477.548,1,2,83,0,1032,5,23,2,1127,0,1127,2275,49.54,55,0.04,0.09,3.65,0.00,45.36,0.22,1.01,0.09,49.54,0.00
3143807,MUNHOZ - MG,191.564,1,2,206,0,2730,5,24,3,1014,1,2730,3986,68.49,30,0.03,0.05,5.17,0.00,68.49,0.13,0.60,0.08,25.44,0.03
3143906,MURIAÉ - MG,841.693,32,40,4119,0,32944,62,221,200,15810,67,32944,53495,61.58,30,0.06,0.07,7.70,0.00,61.58,0.12,0.41,0.37,29.55,0.13
3144003,MUTUM - MG,1250.824,5,12,1183,0,6791,35,56,19,6196,11,6791,14308,47.46,30,0.03,0.08,8.27,0.00,47.46,0.24,0.39,0.13,43.30,0.08
3144102,MUZAMBINHO - MG,409.948,4,8,478,0,8627,8,41,59,2978,24,8627,12227,70.56,30,0.03,0.07,3.91,0.00,70.56,0.07,0.34,0.48,24.36,0.20
3144201,NACIP RAYDAN - MG,233.493,1,2,72,0,730,2,7,5,746,2,746,1567,47.61,55,0.06,0.13,4.59,0.00,46.59,0.13,0.45,0.32,47.61,0.13
3144300,NANUQUE - MG,1518.166,8,12,863,0,10951,34,55,21,5983,10,10951,17937,61.05,30,0.04,0.07,4.81,0.00,61.05,0.19,0.31,0.12,33.36,0.06
3144359,NAQUE - MG,127.173,0,0,274,0,1607,4,29,7,1470,3,1607,3394,47.35,30,0.00,0.00,8.07,0.00,47.35,0.12,0.85,0.21,43.31,0.09
3144375,NATALÂNDIA - MG,468.66,0,2,99,0,1302,1,1,1,767,2,1302,2175,59.86,30,0.00,0.09,4.55,0.00,59.86,0.05,0.05,0.05,35.26,0.09
3144409,NATÉRCIA - MG,188.719,0,1,87,0,2324,4,11,2,436,7,2324,2872,80.92,30,0.00,0.03,3.03,0.00,80.92,0.14,0.38,0.07,15.18,0.24
3144508,NAZARENO - MG,341.453,9,5,152,0,2192,5,134,8,1912,11,2192,4428,49.50,30,0.20,0.11,3.43,0.00,49.50,0.11,3.03,0.18,43.18,0.25
3144607,NEPOMUCENO - MG,582.553,7,9,723,0,9014,9,60,30,3506,11,9014,13369,67.42,30,0.05,0.07,5.41,0.00,67.42,0.07,0.45,0.22,26.22,0.08
3144656,NINHEIRA - MG,1108.255,1,1,170,0,2485,3,69,8,1771,3,2485,4511,55.09,30,0.02,0.02,3.77,0.00,55.09,0.07,1.53,0.18,39.26,0.07
3144672,NOVA BELÉM - MG,146.775,0,0,142,0,1527,0,4,3,560,3,1527,2239,68.20,30,0.00,0.00,6.34,0.00,68.20,0.00,0.18,0.13,25.01,0.13
3144706,NOVA ERA - MG,361.926,11,9,500,0,4387,13,61,31,4757,7,4757,9776,48.66,55,0.11,0.09,5.11,0.00,44.88,0.13,0.62,0.32,48.66,0.07
3144805,NOVA LIMA - MG,429.313,75,58,3719,0,26440,49,291,274,23039,83,26440,54028,48.94,30,0.14,0.11,6.88,0.00,48.94,0.09,0.54,0.51,42.64,0.15
3144904,NOVA MÓDICA - MG,375.973,2,2,95,0,1552,1,18,4,579,1,1552,2254,68.86,30,0.09,0.09,4.21,0.00,68.86,0.04,0.80,0.18,25.69,0.04
3145000,NOVA PONTE - MG,1111.011,6,6,481,0,5217,20,31,14,2342,12,5217,8129,64.18,30,0.07,0.07,5.92,0.00,64.18,0.25,0.38,0.17,28.81,0.15
3145059,NOVA PORTEIRINHA - MG,120.943,2,2,524,0,1534,3,9,9,2051,0,2051,4134,49.61,55,0.05,0.05,12.68,0.00,37.11,0.07,0.22,0.22,49.61,0.00
3145109,NOVA RESENDE - MG,390.152,8,8,362,0,6752,10,19,31,1827,5,6752,9022,74.84,30,0.09,0.09,4.01,0.00,74.84,0.11,0.21,0.34,20.25,0.06
3145208,NOVA SERRANA - MG,282.472,12,29,2855,0,34265,41,89,47,5682,51,34265,43071,79.55,30,0.03,0.07,6.63,0.00,79.55,0.10,0.21,0.11,13.19,0.12
3145307,NOVO CRUZEIRO - MG,1702.981,11,12,520,0,4192,18,67,23,7656,6,7656,12505,61.22,55,0.09,0.10,4.16,0.00,33.52,0.14,0.54,0.18,61.22,0.05
3145356,NOVO ORIENTE DE MINAS - MG,755.1509999999998,7,2,158,0,2626,5,16,8,2059,3,2626,4884,53.77,30,0.14,0.04,3.24,0.00,53.77,0.10,0.33,0.16,42.16,0.06
3145372,NOVORIZONTE - MG,271.61,1,3,114,0,1680,3,15,1,1167,5,1680,2989,56.21,30,0.03,0.10,3.81,0.00,56.21,0.10,0.50,0.03,39.04,0.17
3145406,OLARIA - MG,178.242,0,1,40,0,837,2,15,12,626,2,837,1535,54.53,30,0.00,0.07,2.61,0.00,54.53,0.13,0.98,0.78,40.78,0.13
3145455,OLHOS-D'ÁGUA - MG,2092.078,0,2,126,0,1457,4,6,2,1893,2,1893,3492,54.21,55,0.00,0.06,3.61,0.00,41.72,0.11,0.17,0.06,54.21,0.06
3145505,OLÍMPIO NORONHA - MG,54.633,3,1,81,0,1066,2,13,2,618,3,1066,1789,59.59,30,0.17,0.06,4.53,0.00,59.59,0.11,0.73,0.11,34.54,0.17
3145604,OLIVEIRA - MG,897.294,18,12,1800,0,12509,33,154,63,7395,25,12509,22009,56.84,30,0.08,0.05,8.18,0.00,56.84,0.15,0.70,0.29,33.60,0.11
3145703,OLIVEIRA FORTES - MG,111.13,1,0,36,0,993,1,12,6,678,1,993,1728,57.47,30,0.06,0.00,2.08,0.00,57.47,0.06,0.69,0.35,39.24,0.06
3145802,ONÇA DE PITANGUI - MG,246.976,0,1,112,0,1786,1,6,0,475,4,1786,2385,74.88,30,0.00,0.04,4.70,0.00,74.88,0.04,0.25,0.00,19.92,0.17
3145851,ORATÓRIOS - MG,89.068,1,0,63,0,1121,5,18,4,1650,2,1650,2864,57.61,55,0.03,0.00,2.20,0.00,39.14,0.17,0.63,0.14,57.61,0.07
3145877,ORIZÂNIA - MG,121.8,1,0,212,0,2655,2,16,7,1468,1,2655,4362,60.87,30,0.02,0.00,4.86,0.00,60.87,0.05,0.37,0.16,33.65,0.02
3145901,OURO BRANCO - MG,258.726,23,33,964,0,12433,17,85,89,8037,60,12433,21741,57.19,30,0.11,0.15,4.43,0.00,57.19,0.08,0.39,0.41,36.97,0.28
3146008,OURO FINO - MG,533.714,25,14,997,0,13117,48,68,80,2277,36,13117,16662,78.72,30,0.15,0.08,5.98,0.00,78.72,0.29,0.41,0.48,13.67,0.22
3146107,OURO PRETO - MG,1245.865,89,66,1612,0,15779,29,227,244,24331,114,24331,42491,57.26,55,0.21,0.16,3.79,0.00,37.13,0.07,0.53,0.57,57.26,0.27
3146206,OURO VERDE DE MINAS - MG,175.482,0,4,155,0,3262,4,9,5,1029,4,3262,4472,72.94,30,0.00,0.09,3.47,0.00,72.94,0.09,0.20,0.11,23.01,0.09
3146255,PADRE CARVALHO - MG,446.275,1,0,157,0,1296,1,8,5,1287,2,1296,2757,47.01,30,0.04,0.00,5.69,0.00,47.01,0.04,0.29,0.18,46.68,0.07
3146305,PADRE PARAÍSO - MG,544.375,10,6,467,0,3357,12,38,8,3922,6,3922,7826,50.12,55,0.13,0.08,5.97,0.00,42.90,0.15,0.49,0.10,50.12,0.08
3146404,PAINEIRAS - MG,637.309,3,4,109,0,1443,3,31,9,1198,4,1443,2804,51.46,30,0.11,0.14,3.89,0.00,51.46,0.11,1.11,0.32,42.72,0.14
3146503,PAINS - MG,421.862,1,4,190,0,3234,6,12,14,1334,2,3234,4797,67.42,30,0.02,0.08,3.96,0.00,67.42,0.13,0.25,0.29,27.81,0.04
3146552,PAI PEDRO - MG,839.8049999999998,2,3,113,0,1405,3,11,3,1899,5,1899,3444,55.14,55,0.06,0.09,3.28,0.00,40.80,0.09,0.32,0.09,55.14,0.15
3146602,PAIVA - MG,58.419,1,2,40,0,726,0,8,8,396,2,726,1183,61.37,30,0.08,0.17,3.38,0.00,61.37,0.00,0.68,0.68,33.47,0.17
3146701,PALMA - MG,316.476,4,0,146,0,1669,1,5,11,1772,9,1772,3617,48.99,55,0.11,0.00,4.04,0.00,46.14,0.03,0.14,0.30,48.99,0.25
3146750,PALMÓPOLIS - MG,433.154,0,5,148,0,1242,5,44,4,1984,6,1984,3438,57.71,55,0.00,0.15,4.30,0.00,36.13,0.15,1.28,0.12,57.71,0.17
3146909,PAPAGAIOS - MG,553.577,6,5,438,0,4943,12,37,21,2767,4,4943,8233,60.04,30,0.07,0.06,5.32,0.00,60.04,0.15,0.45,0.26,33.61,0.05
3147006,PARACATU - MG,8231.029,18,38,2650,0,30953,68,172,120,9053,50,30953,43122,71.78,30,0.04,0.09,6.15,0.00,71.78,0.16,0.40,0.28,20.99,0.12
3147105,PARÁ DE MINAS - MG,551.247,40,49,3364,0,30843,56,197,104,10148,55,30843,44856,68.76,30,0.09,0.11,7.50,0.00,68.76,0.12,0.44,0.23,22.62,0.12
3147204,PARAGUAÇU - MG,424.296,5,10,480,0,8716,13,28,31,2201,8,8716,11492,75.84,30,0.04,0.09,4.18,0.00,75.84,0.11,0.24,0.27,19.15,0.07
3147303,PARAISÓPOLIS - MG,331.238,17,14,558,0,7874,28,93,56,2088,19,7874,10747,73.27,30,0.16,0.13,5.19,0.00,73.27,0.26,0.87,0.52,19.43,0.18
3147402,PARAOPEBA - MG,625.623,14,5,1019,0,8294,10,31,34,4616,9,8294,14032,59.11,30,0.10,0.04,7.26,0.00,59.11,0.07,0.22,0.24,32.90,0.06
3147501,PASSABÉM - MG,94.183,0,1,54,0,670,2,3,5,468,3,670,1206,55.56,30,0.00,0.08,4.48,0.00,55.56,0.17,0.25,0.41,38.81,0.25
3147600,PASSA QUATRO - MG,277.221,10,21,532,0,4778,13,52,62,3123,24,4778,8615,55.46,30,0.12,0.24,6.18,0.00,55.46,0.15,0.60,0.72,36.25,0.28
3147709,PASSA TEMPO - MG,429.172,3,3,245,0,2317,3,23,10,1927,12,2317,4543,51.00,30,0.07,0.07,5.39,0.00,51.00,0.07,0.51,0.22,42.42,0.26
3147808,PASSA VINTE - MG,246.565,0,4,87,0,1089,2,54,6,445,1,1089,1688,64.51,30,0.00,0.24,5.15,0.00,64.51,0.12,3.20,0.36,26.36,0.06
3147907,PASSOS - MG,1338.07,49,62,3153,0,34775,92,233,238,14141,91,34775,52834,65.82,30,0.09,0.12,5.97,0.00,65.82,0.17,0.44,0.45,26.76,0.17
3147956,PATIS - MG,444.196,0,1,1004,0,513,3,12,0,1938,0,1938,3471,55.83,55,0.00,0.03,28.93,0.00,14.78,0.09,0.35,0.00,55.83,0.00
3148004,PATOS DE MINAS - MG,3190.456,72,105,5686,0,52939,135,369,247,17376,122,52939,77051,68.71,30,0.09,0.14,7.38,0.00,68.71,0.18,0.48,0.32,22.55,0.16
3148103,PATROCÍNIO - MG,2874.344,49,51,2455,0,33411,85,196,168,8372,95,33411,44882,74.44,30,0.11,0.11,5.47,0.00,74.44,0.19,0.44,0.37,18.65,0.21
3148202,PATROCÍNIO DO MURIAÉ - MG,108.246,0,1,176,0,1944,0,41,6,1362,2,1944,3532,55.04,30,0.00,0.03,4.98,0.00,55.04,0.00,1.16,0.17,38.56,0.06
3148301,PAULA CÂNDIDO - MG,268.321,3,7,110,0,2338,2,20,16,2475,4,2475,4975,49.75,55,0.06,0.14,2.21,0.00,46.99,0.04,0.40,0.32,49.75,0.08
3148400,PAULISTAS - MG,220.564,3,4,59,0,706,4,7,4,1630,2,1630,2419,67.38,55,0.12,0.17,2.44,0.00,29.19,0.17,0.29,0.17,67.38,0.08
3148509,PAVÃO - MG,601.19,2,3,174,0,1459,3,17,1,2151,1,2151,3811,56.44,55,0.05,0.08,4.57,0.00,38.28,0.08,0.45,0.03,56.44,0.03
3148608,PEÇANHA - MG,996.646,3,12,339,0,3984,9,27,12,3172,3,3984,7561,52.69,30,0.04,0.16,4.48,0.00,52.69,0.12,0.36,0.16,41.95,0.04
3148707,PEDRA AZUL - MG,1594.651,5,2,521,0,5735,17,37,11,4193,1,5735,10522,54.50,30,0.05,0.02,4.95,0.00,54.50,0.16,0.35,0.10,39.85,0.01
3148756,PEDRA BONITA - MG,173.928,1,2,211,0,2057,5,38,2,1927,4,2057,4247,48.43,30,0.02,0.05,4.97,0.00,48.43,0.12,0.89,0.05,45.37,0.09
3148806,PEDRA DO ANTA - MG,173.168,0,0,76,0,1070,4,6,2,1080,1,1080,2239,48.24,55,0.00,0.00,3.39,0.00,47.79,0.18,0.27,0.09,48.24,0.04
3148905,PEDRA DO INDAIÁ - MG,347.92,1,2,112,0,2016,0,10,1,418,1,2016,2561,78.72,30,0.04,0.08,4.37,0.00,78.72,0.00,0.39,0.04,16.32,0.04
3149002,PEDRA DOURADA - MG,69.99,2,3,180,0,916,1,21,5,820,0,916,1948,47.02,30,0.10,0.15,9.24,0.00,47.02,0.05,1.08,0.26,42.09,0.00
3149101,PEDRALVA - MG,217.989,6,14,297,0,4126,14,36,25,1728,16,4126,6262,65.89,30,0.10,0.22,4.74,0.00,65.89,0.22,0.57,0.40,27.60,0.26
3149150,PEDRAS DE MARIA DA CRUZ - MG,1525.648,0,1,111,0,1768,3,14,4,2945,5,2945,4851,60.71,55,0.00,0.02,2.29,0.00,36.45,0.06,0.29,0.08,60.71,0.10
3149200,PEDRINÓPOLIS - MG,357.891,1,1,69,0,1680,6,10,3,474,1,1680,2245,74.83,30,0.04,0.04,3.07,0.00,74.83,0.27,0.45,0.13,21.11,0.04
3149309,PEDRO LEOPOLDO - MG,292.831,24,30,2764,0,18129,40,127,86,12861,23,18129,34084,53.19,30,0.07,0.09,8.11,0.00,53.19,0.12,0.37,0.25,37.73,0.07
3149408,PEDRO TEIXEIRA - MG,112.959,1,0,50,0,1005,0,15,9,714,0,1005,1794,56.02,30,0.06,0.00,2.79,0.00,56.02,0.00,0.84,0.50,39.80,0.00
3149507,PEQUERI - MG,90.833,1,4,488,0,950,5,55,8,722,1,950,2234,42.52,30,0.04,0.18,21.84,0.00,42.52,0.22,2.46,0.36,32.32,0.04
3149606,PEQUI - MG,203.991,6,0,126,0,1733,2,9,5,765,0,1733,2646,65.50,30,0.23,0.00,4.76,0.00,65.50,0.08,0.34,0.19,28.91,0.00
3149705,PERDIGÃO - MG,249.322,1,4,374,0,4737,9,12,6,713,3,4737,5859,80.85,30,0.02,0.07,6.38,0.00,80.85,0.15,0.20,0.10,12.17,0.05
3149804,PERDIZES - MG,2451.112,1,9,338,0,6849,14,34,12,1562,17,6849,8836,77.51,30,0.01,0.10,3.83,0.00,77.51,0.16,0.38,0.14,17.68,0.19
3149903,PERDÕES - MG,270.657,11,15,607,0,7683,13,68,47,2500,19,7683,10963,70.08,30,0.10,0.14,5.54,0.00,70.08,0.12,0.62,0.43,22.80,0.17
3149952,PERIQUITO - MG,228.907,0,1,306,0,2224,2,6,8,1560,7,2224,4114,54.06,30,0.00,0.02,7.44,0.00,54.06,0.05,0.15,0.19,37.92,0.17
3150000,PESCADOR - MG,317.463,1,0,103,0,1050,7,5,4,898,0,1050,2068,50.77,30,0.05,0.00,4.98,0.00,50.77,0.34,0.24,0.19,43.42,0.00
3150109,PIAU - MG,192.196,1,3,100,0,1180,1,39,16,818,0,1180,2158,54.68,30,0.05,0.14,4.63,0.00,54.68,0.05,1.81,0.74,37.91,0.00
3150158,PIEDADE DE CARATINGA - MG,109.345,3,2,259,0,3429,3,15,6,1304,5,3429,5026,68.23,30,0.06,0.04,5.15,0.00,68.23,0.06,0.30,0.12,25.95,0.10
3150208,PIEDADE DE PONTE NOVA - MG,83.733,0,4,109,0,1027,1,10,0,1314,3,1314,2468,53.24,55,0.00,0.16,4.42,0.00,41.61,0.04,0.41,0.00,53.24,0.12
3150307,PIEDADE DO RIO GRANDE - MG,322.814,3,4,78,0,1762,2,21,7,646,12,1762,2535,69.51,30,0.12,0.16,3.08,0.00,69.51,0.08,0.83,0.28,25.48,0.47
3150406,PIEDADE DOS GERAIS - MG,259.638,6,5,177,0,1813,5,9,7,1155,0,1813,3177,57.07,30,0.19,0.16,5.57,0.00,57.07,0.16,0.28,0.22,36.36,0.00
3150505,PIMENTA - MG,414.969,5,1,212,0,3190,4,15,14,1084,9,3190,4534,70.36,30,0.11,0.02,4.68,0.00,70.36,0.09,0.33,0.31,23.91,0.20
3150539,PINGO-D'ÁGUA - MG,66.57,1,3,171,0,1305,10,16,3,1182,5,1305,2696,48.41,30,0.04,0.11,6.34,0.00,48.41,0.37,0.59,0.11,43.84,0.19
3150570,PINTÓPOLIS - MG,1228.736,1,2,89,0,2618,2,11,1,1086,4,2618,3814,68.64,30,0.03,0.05,2.33,0.00,68.64,0.05,0.29,0.03,28.47,0.10
3150604,PIRACEMA - MG,280.335,8,3,178,0,2004,4,17,11,1710,5,2004,3940,50.86,30,0.20,0.08,4.52,0.00,50.86,0.10,0.43,0.28,43.40,0.13
3150703,PIRAJUBA - MG,337.98,1,0,195,0,1799,2,5,2,885,0,1799,2889,62.27,30,0.03,0.00,6.75,0.00,62.27,0.07,0.17,0.07,30.63,0.00
3150802,PIRANGA - MG,658.812,3,5,337,0,3870,7,40,17,3449,6,3870,7734,50.04,30,0.04,0.06,4.36,0.00,50.04,0.09,0.52,0.22,44.60,0.08
3150901,PIRANGUÇU - MG,203.619,7,1,172,0,2497,6,10,4,589,5,2497,3291,75.87,30,0.21,0.03,5.23,0.00,75.87,0.18,0.30,0.12,17.90,0.15
3151008,PIRANGUINHO - MG,124.803,6,3,229,0,3104,4,18,15,1586,7,3104,4972,62.43,30,0.12,0.06,4.61,0.00,62.43,0.08,0.36,0.30,31.90,0.14
3151107,PIRAPETINGA - MG,190.681,5,6,216,0,4821,6,13,30,1749,11,4821,6857,70.31,30,0.07,0.09,3.15,0.00,70.31,0.09,0.19,0.44,25.51,0.16
3151206,PIRAPORA - MG,549.514,36,15,3350,0,14857,37,136,56,7463,35,14857,25985,57.18,30,0.14,0.06,12.89,0.00,57.18,0.14,0.52,0.22,28.72,0.13
3151305,PIRAÚBA - MG,144.289,4,1,305,0,3993,9,61,22,2013,7,3993,6415,62.24,30,0.06,0.02,4.75,0.00,62.24,0.14,0.95,0.34,31.38,0.11
3151404,PITANGUI - MG,569.636,12,12,951,0,10835,21,77,26,3209,11,10835,15154,71.50,30,0.08,0.08,6.28,0.00,71.50,0.14,0.51,0.17,21.18,0.07
3151503,PIUMHI - MG,902.468,21,12,1265,0,11848,37,63,54,3392,14,11848,16706,70.92,30,0.13,0.07,7.57,0.00,70.92,0.22,0.38,0.32,20.30,0.08
3151602,PLANURA - MG,317.52,1,3,425,0,3083,9,21,14,1553,7,3083,5116,60.26,30,0.02,0.06,8.31,0.00,60.26,0.18,0.41,0.27,30.36,0.14
3151701,POÇO FUNDO - MG,474.244,20,9,355,0,5082,14,16,40,3331,16,5082,8883,57.21,30,0.23,0.10,4.00,0.00,57.21,0.16,0.18,0.45,37.50,0.18
3151800,POÇOS DE CALDAS - MG,546.958,68,130,3512,0,58866,142,308,741,16446,225,58866,80438,73.18,30,0.08,0.16,4.37,0.00,73.18,0.18,0.38,0.92,20.45,0.28
3151909,POCRANE - MG,691.066,4,3,310,0,2461,12,27,10,2108,3,2461,4938,49.84,30,0.08,0.06,6.28,0.00,49.84,0.24,0.55,0.20,42.69,0.06
3152006,POMPÉU - MG,2551.074,11,14,801,0,7315,26,85,36,6642,5,7315,14935,48.98,30,0.07,0.09,5.36,0.00,48.98,0.17,0.57,0.24,44.47,0.03
3152105,PONTE NOVA - MG,470.643,24,41,918,0,12830,39,200,97,15847,43,15847,30039,52.75,55,0.08,0.14,3.06,0.00,42.71,0.13,0.67,0.32,52.75,0.14
3152131,PONTO CHIQUE - MG,602.799,0,1,284,0,909,1,9,2,1121,3,1121,2330,48.11,55,0.00,0.04,12.19,0.00,39.01,0.04,0.39,0.09,48.11,0.13
3152170,PONTO DOS VOLANTES - MG,1212.413,1,4,187,0,2954,3,30,8,2183,2,2954,5372,54.99,30,0.02,0.07,3.48,0.00,54.99,0.06,0.56,0.15,40.64,0.04
3152204,PORTEIRINHA - MG,1749.683,11,11,1407,0,7668,11,71,29,10949,6,10949,20163,54.30,55,0.05,0.05,6.98,0.00,38.03,0.05,0.35,0.14,54.30,0.03
3152303,PORTO FIRME - MG,284.777,2,6,202,0,2711,5,24,15,2819,0,2819,5784,48.74,55,0.03,0.10,3.49,0.00,46.87,0.09,0.41,0.26,48.74,0.00
3152402,POTÉ - MG,625.111,2,14,359,0,3674,6,46,8,2948,7,3674,7064,52.01,30,0.03,0.20,5.08,0.00,52.01,0.08,0.65,0.11,41.73,0.10
3152501,POUSO ALEGRE - MG,542.797,74,144,4026,0,54324,132,469,427,14660,157,54324,74413,73.00,30,0.10,0.19,5.41,0.00,73.00,0.18,0.63,0.57,19.70,0.21
3152600,POUSO ALTO - MG,263.034,5,1,207,0,2779,3,24,17,740,8,2779,3784,73.44,30,0.13,0.03,5.47,0.00,73.44,0.08,0.63,0.45,19.56,0.21
3152709,PRADOS - MG,264.115,3,5,152,0,2504,5,46,16,2108,10,2504,4849,51.64,30,0.06,0.10,3.13,0.00,51.64,0.10,0.95,0.33,43.47,0.21
3152808,PRATA - MG,4847.544,9,16,540,0,9278,40,19,29,3883,16,9278,13830,67.09,30,0.07,0.12,3.90,0.00,67.09,0.29,0.14,0.21,28.08,0.12
3152907,PRATÁPOLIS - MG,215.516,1,0,195,0,3437,5,12,16,1239,7,3437,4912,69.97,30,0.02,0.00,3.97,0.00,69.97,0.10,0.24,0.33,25.22,0.14
3153004,PRATINHA - MG,622.478,1,0,83,0,1788,2,5,3,212,0,1788,2094,85.39,30,0.05,0.00,3.96,0.00,85.39,0.10,0.24,0.14,10.12,0.00
3153103,PRESIDENTE BERNARDES - MG,236.798,1,4,106,0,1834,1,18,16,1571,4,1834,3555,51.59,30,0.03,0.11,2.98,0.00,51.59,0.03,0.51,0.45,44.19,0.11
3153202,PRESIDENTE JUSCELINO - MG,695.882,0,0,131,0,1521,5,6,2,657,1,1521,2323,65.48,30,0.00,0.00,5.64,0.00,65.48,0.22,0.26,0.09,28.28,0.04
3153301,PRESIDENTE KUBITSCHEK - MG,189.235,0,3,70,0,638,1,5,1,1262,2,1262,1982,63.67,55,0.00,0.15,3.53,0.00,32.19,0.05,0.25,0.05,63.67,0.10
3153400,PRESIDENTE OLEGÁRIO - MG,3503.848,9,12,643,0,6308,16,41,13,3253,21,6308,10316,61.15,30,0.09,0.12,6.23,0.00,61.15,0.16,0.40,0.13,31.53,0.20
3153509,ALTO JEQUITIBÁ - MG,152.272,2,1,322,0,3436,10,25,6,1188,1,3436,4991,68.84,30,0.04,0.02,6.45,0.00,68.84,0.20,0.50,0.12,23.80,0.02
3153608,PRUDENTE DE MORAIS - MG,124.189,3,2,515,0,3083,6,22,7,1974,4,3083,5616,54.90,30,0.05,0.04,9.17,0.00,54.90,0.11,0.39,0.12,35.15,0.07
3153707,QUARTEL GERAL - MG,556.436,0,0,109,0,1629,5,11,2,619,3,1629,2378,68.50,30,0.00,0.00,4.58,0.00,68.50,0.21,0.46,0.08,26.03,0.13
3153806,QUELUZITO - MG,153.56,1,0,80,0,1196,2,9,4,542,1,1196,1835,65.18,30,0.05,0.00,4.36,0.00,65.18,0.11,0.49,0.22,29.54,0.05
3153905,RAPOSOS - MG,72.22799999999998,5,9,715,0,3974,4,47,26,4717,11,4717,9508,49.61,55,0.05,0.09,7.52,0.00,41.80,0.04,0.49,0.27,49.61,0.12
3154002,RAUL SOARES - MG,763.364,15,7,801,0,5213,3,66,13,5502,7,5502,11627,47.32,55,0.13,0.06,6.89,0.00,44.84,0.03,0.57,0.11,47.32,0.06
3154101,RECREIO - MG,234.296,2,3,250,0,2861,12,23,15,2203,11,2861,5380,53.18,30,0.04,0.06,4.65,0.00,53.18,0.22,0.43,0.28,40.95,0.20
3154150,REDUTO - MG,151.859,1,0,333,0,1996,7,15,3,1554,1,1996,3910,51.05,30,0.03,0.00,8.52,0.00,51.05,0.18,0.38,0.08,39.74,0.03
3154200,RESENDE COSTA - MG,618.312,17,12,276,0,3427,7,38,30,2573,13,3427,6393,53.61,30,0.27,0.19,4.32,0.00,53.61,0.11,0.59,0.47,40.25,0.20
3154309,RESPLENDOR - MG,1081.796,1,7,437,0,5960,9,15,11,1783,6,5960,8229,72.43,30,0.01,0.09,5.31,0.00,72.43,0.11,0.18,0.13,21.67,0.07
3154408,RESSAQUINHA - MG,183.062,2,2,99,0,1683,3,14,9,1155,2,1683,2969,56.69,30,0.07,0.07,3.33,0.00,56.69,0.10,0.47,0.30,38.90,0.07
3154457,RIACHINHO - MG,1719.266,1,1,477,0,2007,1,7,7,1304,7,2007,3812,52.65,30,0.03,0.03,12.51,0.00,52.65,0.03,0.18,0.18,34.21,0.18
3154507,RIACHO DOS MACHADOS - MG,1315.54,2,3,194,0,3017,1,13,1,1673,6,3017,4910,61.45,30,0.04,0.06,3.95,0.00,61.45,0.02,0.26,0.02,34.07,0.12
3154606,RIBEIRÃO DAS NEVES - MG,155.105,189,144,20342,0,58609,218,651,440,67432,156,67432,148181,45.51,55,0.13,0.10,13.73,0.00,39.55,0.15,0.44,0.30,45.51,0.11
3154705,RIBEIRÃO VERMELHO - MG,49.251,0,0,130,0,1463,6,12,4,710,7,1463,2332,62.74,30,0.00,0.00,5.57,0.00,62.74,0.26,0.51,0.17,30.45,0.30
3154804,RIO ACIMA - MG,228.394,11,3,385,0,2751,7,28,7,2921,12,2921,6125,47.69,55,0.18,0.05,6.29,0.00,44.91,0.11,0.46,0.11,47.69,0.20
3154903,RIO CASCA - MG,384.381,2,4,228,0,3084,14,52,8,3239,10,3239,6641,48.77,55,0.03,0.06,3.43,0.00,46.44,0.21,0.78,0.12,48.77,0.15
3155009,RIO DOCE - MG,112.094,1,1,72,0,572,1,9,5,1044,0,1044,1705,61.23,55,0.06,0.06,4.22,0.00,33.55,0.06,0.53,0.29,61.23,0.00
3155108,RIO DO PRADO - MG,479.815,1,2,84,0,678,2,4,2,1827,2,1827,2602,70.22,55,0.04,0.08,3.23,0.00,26.06,0.08,0.15,0.08,70.22,0.08
3155207,RIO ESPERA - MG,238.602,7,4,182,0,1669,1,34,19,1546,2,1669,3464,48.18,30,0.20,0.12,5.25,0.00,48.18,0.03,0.98,0.55,44.63,0.06
3155306,RIO MANSO - MG,231.54,1,0,181,0,1666,1,13,6,1441,0,1666,3309,50.35,30,0.03,0.00,5.47,0.00,50.35,0.03,0.39,0.18,43.55,0.00
3155405,RIO NOVO - MG,209.31,4,7,174,0,3264,4,55,39,1288,4,3264,4839,67.45,30,0.08,0.14,3.60,0.00,67.45,0.08,1.14,0.81,26.62,0.08
3155504,RIO PARANAÍBA - MG,1352.353,3,6,318,0,4230,15,23,12,2049,1,4230,6657,63.54,30,0.05,0.09,4.78,0.00,63.54,0.23,0.35,0.18,30.78,0.02
3155603,RIO PARDO DE MINAS - MG,3117.675,6,5,888,0,8063,27,45,16,4456,5,8063,13511,59.68,30,0.04,0.04,6.57,0.00,59.68,0.20,0.33,0.12,32.98,0.04
3155702,RIO PIRACICABA - MG,373.037,9,4,483,0,3422,5,57,21,3836,4,3836,7841,48.92,55,0.11,0.05,6.16,0.00,43.64,0.06,0.73,0.27,48.92,0.05
3155801,RIO POMBA - MG,252.418,14,10,561,0,4902,28,112,49,3478,16,4902,9170,53.46,30,0.15,0.11,6.12,0.00,53.46,0.31,1.22,0.53,37.93,0.17
3155900,RIO PRETO - MG,348.046,0,1,100,0,2139,19,21,14,1371,4,2139,3669,58.30,30,0.00,0.03,2.73,0.00,58.30,0.52,0.57,0.38,37.37,0.11
3156007,RIO VERMELHO - MG,986.561,4,8,260,0,2106,4,31,4,2631,4,2631,5052,52.08,55,0.08,0.16,5.15,0.00,41.69,0.08,0.61,0.08,52.08,0.08
3156106,RITÁPOLIS - MG,404.805,7,4,141,0,1379,0,158,17,1271,2,1379,2979,46.29,30,0.23,0.13,4.73,0.00,46.29,0.00,5.30,0.57,42.67,0.07
3156205,ROCHEDO DE MINAS - MG,79.402,0,1,75,0,1166,1,27,7,443,0,1166,1720,67.79,30,0.00,0.06,4.36,0.00,67.79,0.06,1.57,0.41,25.76,0.00
3156304,RODEIRO - MG,72.673,4,2,187,0,2952,11,26,27,1384,2,2952,4595,64.24,30,0.09,0.04,4.07,0.00,64.24,0.24,0.57,0.59,30.12,0.04
3156403,ROMARIA - MG,407.557,2,1,58,0,1304,2,11,7,877,3,1304,2265,57.57,30,0.09,0.04,2.56,0.00,57.57,0.09,0.49,0.31,38.72,0.13
3156452,ROSÁRIO DA LIMEIRA - MG,111.156,0,2,195,0,1823,7,31,6,1299,8,1823,3371,54.08,30,0.00,0.06,5.78,0.00,54.08,0.21,0.92,0.18,38.53,0.24
3156502,RUBELITA - MG,1110.295,0,2,129,0,1231,1,12,3,2696,1,2696,4075,66.16,55,0.00,0.05,3.17,0.00,30.21,0.02,0.29,0.07,66.16,0.02
3156601,RUBIM - MG,965.174,0,1,998,0,1013,1,11,8,2218,3,2218,4253,52.15,55,0.00,0.02,23.47,0.00,23.82,0.02,0.26,0.19,52.15,0.07
3156700,SABARÁ - MG,302.453,102,87,7356,0,28110,212,353,248,28421,88,28421,64977,43.74,55,0.16,0.13,11.32,0.00,43.26,0.33,0.54,0.38,43.74,0.14
3156809,SABINÓPOLIS - MG,919.811,9,4,224,0,2229,8,22,4,4113,2,4113,6615,62.18,55,0.14,0.06,3.39,0.00,33.70,0.12,0.33,0.06,62.18,0.03
3156908,SACRAMENTO - MG,3073.268,5,7,531,0,9955,29,46,28,2903,19,9955,13523,73.62,30,0.04,0.05,3.93,0.00,73.62,0.21,0.34,0.21,21.47,0.14
3157005,SALINAS - MG,1862.117,12,20,884,0,11916,7,105,39,7737,12,11916,20732,57.48,30,0.06,0.10,4.26,0.00,57.48,0.03,0.51,0.19,37.32,0.06
3157104,SALTO DA DIVISA - MG,938.008,3,0,140,0,1475,0,9,7,1466,1,1475,3101,47.57,30,0.10,0.00,4.51,0.00,47.57,0.00,0.29,0.23,47.28,0.03
3157203,SANTA BÁRBARA - MG,684.505,23,9,645,0,7574,14,84,50,7496,18,7574,15913,47.60,30,0.14,0.06,4.05,0.00,47.60,0.09,0.53,0.31,47.11,0.11
3157252,SANTA BÁRBARA DO LESTE - MG,107.402,10,9,219,0,2850,13,16,3,1562,3,2850,4685,60.83,30,0.21,0.19,4.67,0.00,60.83,0.28,0.34,0.06,33.34,0.06
3157278,SANTA BÁRBARA DO MONTE VERDE - MG,417.925,3,4,65,0,1290,0,26,19,909,5,1290,2321,55.58,30,0.13,0.17,2.80,0.00,55.58,0.00,1.12,0.82,39.16,0.22
3157302,SANTA BÁRBARA DO TUGÚRIO - MG,194.564,1,0,73,0,1552,1,13,7,1192,0,1552,2839,54.67,30,0.04,0.00,2.57,0.00,54.67,0.04,0.46,0.25,41.99,0.00
3157336,SANTA CRUZ DE MINAS - MG,3.565,10,5,478,0,2529,5,26,16,1284,22,2529,4375,57.81,30,0.23,0.11,10.93,0.00,57.81,0.11,0.59,0.37,29.35,0.50
3157377,SANTA CRUZ DE SALINAS - MG,589.607,2,0,68,0,1223,1,4,1,1224,0,1224,2523,48.51,55,0.08,0.00,2.70,0.00,48.47,0.04,0.16,0.04,48.51,0.00
3157401,SANTA CRUZ DO ESCALVADO - MG,258.726,1,2,113,0,1120,2,11,4,2018,1,2018,3272,61.67,55,0.03,0.06,3.45,0.00,34.23,0.06,0.34,0.12,61.67,0.03
3157500,SANTA EFIGÊNIA DE MINAS - MG,131.965,6,3,81,0,1003,5,12,3,874,2,1003,1989,50.43,30,0.30,0.15,4.07,0.00,50.43,0.25,0.60,0.15,43.94,0.10
3157609,SANTA FÉ DE MINAS - MG,2917.448,1,1,146,0,812,3,7,4,1190,0,1190,2164,54.99,55,0.05,0.05,6.75,0.00,37.52,0.14,0.32,0.18,54.99,0.00
3157658,SANTA HELENA DE MINAS - MG,276.433,1,0,79,0,1579,3,36,6,1617,1,1617,3322,48.68,55,0.03,0.00,2.38,0.00,47.53,0.09,1.08,0.18,48.68,0.03
3157708,SANTA JULIANA - MG,723.784,3,4,295,0,5013,8,20,18,1694,1,5013,7056,71.05,30,0.04,0.06,4.18,0.00,71.05,0.11,0.28,0.26,24.01,0.01
3157807,SANTA LUZIA - MG,235.205,141,124,17286,0,47027,146,642,361,49903,202,49903,115832,43.08,55,0.12,0.11,14.92,0.00,40.60,0.13,0.55,0.31,43.08,0.17
3157906,SANTA MARGARIDA - MG,255.73,0,4,460,0,5407,6,33,8,3204,3,5407,9125,59.25,30,0.00,0.04,5.04,0.00,59.25,0.07,0.36,0.09,35.11,0.03
3158003,SANTA MARIA DE ITABIRA - MG,597.441,5,12,177,0,2746,3,30,10,2616,5,2746,5604,49.00,30,0.09,0.21,3.16,0.00,49.00,0.05,0.54,0.18,46.68,0.09
3158102,SANTA MARIA DO SALTO - MG,440.605,0,4,1031,0,846,4,8,0,696,1,1031,2590,39.81,22,0.00,0.15,39.81,0.00,32.66,0.15,0.31,0.00,26.87,0.04
3158201,SANTA MARIA DO SUAÇUÍ - MG,624.047,4,4,382,0,2435,8,27,8,3924,7,3924,6799,57.71,55,0.06,0.06,5.62,0.00,35.81,0.12,0.40,0.12,57.71,0.10
3158300,SANTANA DA VARGEM - MG,172.444,1,0,150,0,2804,5,27,3,1221,5,2804,4216,66.51,30,0.02,0.00,3.56,0.00,66.51,0.12,0.64,0.07,28.96,0.12
3158409,SANTANA DE CATAGUASES - MG,161.486,0,3,110,0,1364,12,22,6,871,0,1364,2388,57.12,30,0.00,0.13,4.61,0.00,57.12,0.50,0.92,0.25,36.47,0.00
3158508,SANTANA DE PIRAPAMA - MG,1255.832,2,4,206,0,2378,1,15,2,2355,2,2378,4965,47.90,30,0.04,0.08,4.15,0.00,47.90,0.02,0.30,0.04,47.43,0.04
3158607,SANTANA DO DESERTO - MG,182.655,0,4,99,0,1226,4,325,17,622,7,1226,2304,53.21,30,0.00,0.17,4.30,0.00,53.21,0.17,14.11,0.74,27.00,0.30
3158706,SANTANA DO GARAMBÉU - MG,203.074,0,0,50,0,734,1,376,8,396,0,734,1565,46.90,30,0.00,0.00,3.19,0.00,46.90,0.06,24.03,0.51,25.30,0.00
3158805,SANTANA DO JACARÉ - MG,106.169,0,2,122,0,1679,3,10,6,647,1,1679,2470,67.98,30,0.00,0.08,4.94,0.00,67.98,0.12,0.40,0.24,26.19,0.04
3158904,SANTANA DO MANHUAÇU - MG,347.362,1,2,176,0,2783,6,14,7,2129,1,2783,5119,54.37,30,0.02,0.04,3.44,0.00,54.37,0.12,0.27,0.14,41.59,0.02
3158953,SANTANA DO PARAÍSO - MG,276.067,19,16,1412,0,9758,57,41,36,4380,23,9758,15742,61.99,30,0.12,0.10,8.97,0.00,61.99,0.36,0.26,0.23,27.82,0.15
3159001,SANTANA DO RIACHO - MG,677.207,0,2,347,0,1376,5,7,13,2088,0,2088,3838,54.40,55,0.00,0.05,9.04,0.00,35.85,0.13,0.18,0.34,54.40,0.00
3159100,SANTANA DOS MONTES - MG,196.565,4,0,114,0,1412,4,13,6,990,1,1412,2544,55.50,30,0.16,0.00,4.48,0.00,55.50,0.16,0.51,0.24,38.92,0.04
3159209,SANTA RITA DE CALDAS - MG,503.011,5,7,256,0,3838,3,14,6,957,5,3838,5091,75.39,30,0.10,0.14,5.03,0.00,75.39,0.06,0.27,0.12,18.80,0.10
3159308,SANTA RITA DE JACUTINGA - MG,420.94,1,2,148,0,1607,0,44,7,1147,1,1607,2957,54.35,30,0.03,0.07,5.01,0.00,54.35,0.00,1.49,0.24,38.79,0.03
3159357,SANTA RITA DE MINAS - MG,68.153,7,5,232,0,2538,6,22,12,963,5,2538,3790,66.97,30,0.18,0.13,6.12,0.00,66.97,0.16,0.58,0.32,25.41,0.13
3159407,SANTA RITA DE IBITIPOCA - MG,324.234,2,0,51,0,1529,2,24,5,640,2,1529,2255,67.80,30,0.09,0.00,2.26,0.00,67.80,0.09,1.06,0.22,28.38,0.09
3159506,SANTA RITA DO ITUETO - MG,485.081,1,1,181,0,2243,6,5,10,847,1,2243,3295,68.07,30,0.03,0.03,5.49,0.00,68.07,0.18,0.15,0.30,25.71,0.03
3159605,SANTA RITA DO SAPUCAÍ - MG,352.969,15,44,922,0,18078,53,112,94,2527,40,18078,21885,82.60,30,0.07,0.20,4.21,0.00,82.60,0.24,0.51,0.43,11.55,0.18
3159704,SANTA ROSA DA SERRA - MG,284.334,0,2,109,0,1555,5,3,2,489,0,1555,2165,71.82,30,0.00,0.09,5.03,0.00,71.82,0.23,0.14,0.09,22.59,0.00
3159803,SANTA VITÓRIA - MG,2998.364,11,6,497,0,6445,21,37,28,4549,13,6445,11607,55.53,30,0.09,0.05,4.28,0.00,55.53,0.18,0.32,0.24,39.19,0.11
3159902,SANTO ANTÔNIO DO AMPARO - MG,488.885,2,8,398,0,4656,9,62,14,3398,12,4656,8559,54.40,30,0.02,0.09,4.65,0.00,54.40,0.11,0.72,0.16,39.70,0.14
3160009,SANTO ANTÔNIO DO AVENTUREIRO - MG,202.032,0,1,94,0,1768,2,48,2,581,1,1768,2497,70.80,30,0.00,0.04,3.76,0.00,70.80,0.08,1.92,0.08,23.27,0.04
3160108,SANTO ANTÔNIO DO GRAMA - MG,130.213,0,3,88,0,774,2,54,3,1650,2,1650,2576,64.05,55,0.00,0.12,3.42,0.00,30.05,0.08,2.10,0.12,64.05,0.08
3160207,SANTO ANTÔNIO DO ITAMBÉ - MG,305.737,0,2,61,0,833,0,6,5,888,0,888,1795,49.47,55,0.00,0.11,3.40,0.00,46.41,0.00,0.33,0.28,49.47,0.00
3160306,SANTO ANTÔNIO DO JACINTO - MG,503.706,3,10,437,0,2501,3,34,2,2398,11,2501,5399,46.32,30,0.06,0.19,8.09,0.00,46.32,0.06,0.63,0.04,44.42,0.20
3160405,SANTO ANTÔNIO DO MONTE - MG,1125.78,0,7,760,0,11676,9,34,25,1915,12,11676,14438,80.87,30,0.00,0.05,5.26,0.00,80.87,0.06,0.24,0.17,13.26,0.08
3160454,SANTO ANTÔNIO DO RETIRO - MG,796.2899999999998,1,5,216,0,2035,8,19,8,1604,1,2035,3897,52.22,30,0.03,0.13,5.54,0.00,52.22,0.21,0.49,0.21,41.16,0.03
3160504,SANTO ANTÔNIO DO RIO ABAIXO - MG,107.269,0,1,49,0,674,5,28,2,541,1,674,1301,51.81,30,0.00,0.08,3.77,0.00,51.81,0.38,2.15,0.15,41.58,0.08
3160603,SANTO HIPÓLITO - MG,430.656,1,1,73,0,874,7,12,2,847,0,874,1817,48.10,30,0.06,0.06,4.02,0.00,48.10,0.39,0.66,0.11,46.62,0.00
3160702,SANTOS DUMONT - MG,637.373,19,51,1387,0,12230,52,193,299,10057,37,12230,24325,50.28,30,0.08,0.21,5.70,0.00,50.28,0.21,0.79,1.23,41.34,0.15
3160801,SÃO BENTO ABADE - MG,80.403,4,8,142,0,1728,1,11,9,860,1,1728,2764,62.52,30,0.14,0.29,5.14,0.00,62.52,0.04,0.40,0.33,31.11,0.04
3160900,SÃO BRÁS DO SUAÇUÍ - MG,110.019,1,6,73,0,1045,1,11,17,1088,1,1088,2243,48.51,55,0.04,0.27,3.25,0.00,46.59,0.04,0.49,0.76,48.51,0.04
3160959,SÃO DOMINGOS DAS DORES - MG,60.865,0,2,163,0,2336,2,18,3,1098,1,2336,3623,64.48,30,0.00,0.06,4.50,0.00,64.48,0.06,0.50,0.08,30.31,0.03
3161007,SÃO DOMINGOS DO PRATA - MG,743.768,7,6,392,0,4005,6,40,15,4845,3,4845,9319,51.99,55,0.08,0.06,4.21,0.00,42.98,0.06,0.43,0.16,51.99,0.03
3161056,SÃO FÉLIX DE MINAS - MG,162.56,1,0,108,0,1311,2,12,1,700,0,1311,2135,61.41,30,0.05,0.00,5.06,0.00,61.41,0.09,0.56,0.05,32.79,0.00
3161106,SÃO FRANCISCO - MG,3308.1,10,10,1240,0,14288,25,59,29,10054,6,14288,25721,55.55,30,0.04,0.04,4.82,0.00,55.55,0.10,0.23,0.11,39.09,0.02
3161205,SÃO FRANCISCO DE PAULA - MG,316.822,3,3,189,0,2262,2,29,9,1633,4,2262,4134,54.72,30,0.07,0.07,4.57,0.00,54.72,0.05,0.70,0.22,39.50,0.10
3161304,SÃO FRANCISCO DE SALES - MG,1128.864,1,0,62,0,1704,2,8,16,1480,2,1704,3275,52.03,30,0.03,0.00,1.89,0.00,52.03,0.06,0.24,0.49,45.19,0.06
3161403,SÃO FRANCISCO DO GLÓRIA - MG,164.613,0,0,123,0,1502,3,27,5,1326,2,1502,2988,50.27,30,0.00,0.00,4.12,0.00,50.27,0.10,0.90,0.17,44.38,0.07
3161502,SÃO GERALDO - MG,185.578,3,0,165,0,2225,9,27,6,2288,8,2288,4731,48.36,55,0.06,0.00,3.49,0.00,47.03,0.19,0.57,0.13,48.36,0.17
3161601,SÃO GERALDO DA PIEDADE - MG,152.336,2,8,85,0,1265,3,6,0,689,0,1265,2058,61.47,30,0.10,0.39,4.13,0.00,61.47,0.15,0.29,0.00,33.48,0.00
3161650,SÃO GERALDO DO BAIXIO - MG,280.954,0,1,100,0,1390,4,7,1,572,0,1390,2075,66.99,30,0.00,0.05,4.82,0.00,66.99,0.19,0.34,0.05,27.57,0.00
3161700,SÃO GONÇALO DO ABAETÉ - MG,2692.545,4,4,477,0,2009,6,9,6,1079,4,2009,3598,55.84,30,0.11,0.11,13.26,0.00,55.84,0.17,0.25,0.17,29.99,0.11
3161809,SÃO GONÇALO DO PARÁ - MG,265.73,5,5,401,0,3821,8,22,18,1642,6,3821,5928,64.46,30,0.08,0.08,6.76,0.00,64.46,0.13,0.37,0.30,27.70,0.10
3161908,SÃO GONÇALO DO RIO ABAIXO - MG,363.828,5,6,361,0,3536,12,46,12,3461,10,3536,7449,47.47,30,0.07,0.08,4.85,0.00,47.47,0.16,0.62,0.16,46.46,0.13
3162005,SÃO GONÇALO DO SAPUCAÍ - MG,516.683,22,19,561,0,8019,22,77,33,3451,23,8019,12227,65.58,30,0.18,0.16,4.59,0.00,65.58,0.18,0.63,0.27,28.22,0.19
3162104,SÃO GOTARDO - MG,866.087,15,13,1020,0,12803,32,55,30,3429,16,12803,17413,73.53,30,0.09,0.07,5.86,0.00,73.53,0.18,0.32,0.17,19.69,0.09
3162203,SÃO JOÃO BATISTA DO GLÓRIA - MG,547.908,5,8,210,0,3241,6,9,4,796,5,3241,4284,75.65,30,0.12,0.19,4.90,0.00,75.65,0.14,0.21,0.09,18.58,0.12
3162252,SÃO JOÃO DA LAGOA - MG,998.015,1,0,128,0,1618,0,9,3,1469,2,1618,3230,50.09,30,0.03,0.00,3.96,0.00,50.09,0.00,0.28,0.09,45.48,0.06
3162302,SÃO JOÃO DA MATA - MG,120.536,1,0,114,0,1504,2,7,9,438,3,1504,2078,72.38,30,0.05,0.00,5.49,0.00,72.38,0.10,0.34,0.43,21.08,0.14
3162401,SÃO JOÃO DA PONTE - MG,1851.102,4,7,412,0,4700,12,21,6,7863,3,7863,13028,60.35,55,0.03,0.05,3.16,0.00,36.08,0.09,0.16,0.05,60.35,0.02
3162450,SÃO JOÃO DAS MISSÕES - MG,678.274,2,2,208,0,2091,1,18,38,3778,2,3778,6140,61.53,55,0.03,0.03,3.39,0.00,34.06,0.02,0.29,0.62,61.53,0.03
3162500,SÃO JOÃO DEL REI - MG,1452.002,245,101,4013,0,26765,63,497,363,14908,127,26765,47082,56.85,30,0.52,0.21,8.52,0.00,56.85,0.13,1.06,0.77,31.66,0.27
3162559,SÃO JOÃO DO MANHUAÇU - MG,143.096,1,2,348,0,3817,8,25,6,2426,2,3817,6635,57.53,30,0.02,0.03,5.24,0.00,57.53,0.12,0.38,0.09,36.56,0.03
3162575,SÃO JOÃO DO MANTENINHA - MG,137.928,1,1,141,0,1968,2,30,3,1184,1,1968,3331,59.08,30,0.03,0.03,4.23,0.00,59.08,0.06,0.90,0.09,35.54,0.03
3162609,SÃO JOÃO DO ORIENTE - MG,120.122,5,4,257,0,2173,8,26,13,2047,1,2173,4534,47.93,30,0.11,0.09,5.67,0.00,47.93,0.18,0.57,0.29,45.15,0.02
3162658,SÃO JOÃO DO PACUÍ - MG,415.922,0,1,151,0,1150,2,7,1,1236,0,1236,2548,48.51,55,0.00,0.04,5.93,0.00,45.13,0.08,0.27,0.04,48.51,0.00
3162708,SÃO JOÃO DO PARAÍSO - MG,1925.575,6,15,879,0,5608,19,82,10,3398,13,5608,10030,55.91,30,0.06,0.15,8.76,0.00,55.91,0.19,0.82,0.10,33.88,0.13
3162807,SÃO JOÃO EVANGELISTA - MG,478.183,5,7,261,0,3303,8,30,8,4047,10,4047,7679,52.70,55,0.07,0.09,3.40,0.00,43.01,0.10,0.39,0.10,52.70,0.13
3162906,SÃO JOÃO NEPOMUCENO - MG,407.427,9,25,667,0,8938,16,213,108,3729,29,8938,13734,65.08,30,0.07,0.18,4.86,0.00,65.08,0.12,1.55,0.79,27.15,0.21
3162922,SÃO JOAQUIM DE BICAS - MG,71.758,16,11,1786,0,5868,19,63,32,6367,14,6367,14176,44.91,55,0.11,0.08,12.60,0.00,41.39,0.13,0.44,0.23,44.91,0.10
3162948,SÃO JOSÉ DA BARRA - MG,308.319,4,6,160,0,2984,8,19,17,1269,9,2984,4476,66.67,30,0.09,0.13,3.57,0.00,66.67,0.18,0.42,0.38,28.35,0.20
3162955,SÃO JOSÉ DA LAPA - MG,47.93,23,11,2033,0,6581,5,44,41,5438,18,6581,14194,46.36,30,0.16,0.08,14.32,0.00,46.36,0.04,0.31,0.29,38.31,0.13
3163003,SÃO JOSÉ DA SAFIRA - MG,213.881,0,7,135,0,1208,5,30,1,1007,1,1208,2394,50.46,30,0.00,0.29,5.64,0.00,50.46,0.21,1.25,0.04,42.06,0.04
3163102,SÃO JOSÉ DA VARGINHA - MG,205.501,2,0,151,0,1553,3,5,10,797,3,1553,2524,61.53,30,0.08,0.00,5.98,0.00,61.53,0.12,0.20,0.40,31.58,0.12
3163201,SÃO JOSÉ DO ALEGRE - MG,88.79399999999998,5,3,162,0,1765,2,6,6,470,3,1765,2422,72.87,30,0.21,0.12,6.69,0.00,72.87,0.08,0.25,0.25,19.41,0.12
3163300,SÃO JOSÉ DO DIVINO - MG,328.704,0,2,133,0,1543,3,5,3,453,1,1543,2143,72.00,30,0.00,0.09,6.21,0.00,72.00,0.14,0.23,0.14,21.14,0.05
3163409,SÃO JOSÉ DO GOIABAL - MG,189.578,4,1,145,0,1091,0,10,9,1630,7,1630,2897,56.27,55,0.14,0.03,5.01,0.00,37.66,0.00,0.35,0.31,56.27,0.24
3163508,SÃO JOSÉ DO JACURI - MG,345.146,6,2,111,0,1752,1,16,4,1269,5,1752,3166,55.34,30,0.19,0.06,3.51,0.00,55.34,0.03,0.51,0.13,40.08,0.16
3163607,SÃO JOSÉ DO MANTIMENTO - MG,54.701,2,2,88,0,1089,4,17,0,743,0,1089,1945,55.99,30,0.10,0.10,4.52,0.00,55.99,0.21,0.87,0.00,38.20,0.00
3163706,SÃO LOURENÇO - MG,58.019,13,43,2043,0,16548,32,85,152,4623,58,16548,23597,70.13,30,0.06,0.18,8.66,0.00,70.13,0.14,0.36,0.64,19.59,0.25
3163805,SÃO MIGUEL DO ANTA - MG,152.111,0,5,128,0,1959,1,32,9,1910,2,1959,4046,48.42,30,0.00,0.12,3.16,0.00,48.42,0.02,0.79,0.22,47.21,0.05
3163904,SÃO PEDRO DA UNIÃO - MG,260.827,2,2,129,0,1925,4,28,4,717,1,1925,2812,68.46,30,0.07,0.07,4.59,0.00,68.46,0.14,1.00,0.14,25.50,0.04
3164001,SÃO PEDRO DOS FERROS - MG,402.739,2,5,141,0,1442,2,14,11,2273,1,2273,3891,58.42,55,0.05,0.13,3.62,0.00,37.06,0.05,0.36,0.28,58.42,0.03
3164100,SÃO PEDRO DO SUAÇUÍ - MG,308.106,2,1,122,0,1718,0,15,4,1177,7,1718,3046,56.40,30,0.07,0.03,4.01,0.00,56.40,0.00,0.49,0.13,38.64,0.23
3164209,SÃO ROMÃO - MG,2434.004,1,4,188,0,1614,6,10,2,2184,0,2184,4009,54.48,55,0.02,0.10,4.69,0.00,40.26,0.15,0.25,0.05,54.48,0.00
3164308,SÃO ROQUE DE MINAS - MG,2098.867,3,2,308,0,2979,10,8,5,553,1,2979,3869,77.00,30,0.08,0.05,7.96,0.00,77.00,0.26,0.21,0.13,14.29,0.03
3164407,SÃO SEBASTIÃO DA BELA VISTA - MG,167.428,9,2,148,0,3301,0,12,4,538,1,3301,4015,82.22,30,0.22,0.05,3.69,0.00,82.22,0.00,0.30,0.10,13.40,0.02
3164431,SÃO SEBASTIÃO DA VARGEM ALEGRE - MG,73.629,0,1,65,0,1292,2,11,1,620,2,1292,1994,64.79,30,0.00,0.05,3.26,0.00,64.79,0.10,0.55,0.05,31.09,0.10
3164472,SÃO SEBASTIÃO DO ANTA - MG,80.61799999999998,2,0,177,0,1972,9,26,3,1191,2,1972,3382,58.31,30,0.06,0.00,5.23,0.00,58.31,0.27,0.77,0.09,35.22,0.06
3164506,SÃO SEBASTIÃO DO MARANHÃO - MG,517.83,1,7,328,0,2548,5,21,8,1861,4,2548,4783,53.27,30,0.02,0.15,6.86,0.00,53.27,0.10,0.44,0.17,38.91,0.08
3164605,SÃO SEBASTIÃO DO OESTE - MG,408.09,10,5,262,0,3026,2,22,5,1108,4,3026,4444,68.09,30,0.23,0.11,5.90,0.00,68.09,0.05,0.50,0.11,24.93,0.09
3164704,SÃO SEBASTIÃO DO PARAÍSO - MG,814.9249999999998,31,71,1552,0,23653,69,138,179,6782,99,23653,32574,72.61,30,0.10,0.22,4.76,0.00,72.61,0.21,0.42,0.55,20.82,0.30
3164803,SÃO SEBASTIÃO DO RIO PRETO - MG,128.002,0,1,68,0,752,1,8,4,358,1,752,1193,63.03,30,0.00,0.08,5.70,0.00,63.03,0.08,0.67,0.34,30.01,0.08
3164902,SÃO SEBASTIÃO DO RIO VERDE - MG,90.84800000000001,1,1,78,0,1043,6,1,2,385,0,1043,1517,68.75,30,0.07,0.07,5.14,0.00,68.75,0.40,0.07,0.13,25.38,0.00
3165008,SÃO TIAGO - MG,572.4,9,3,375,0,3303,11,76,25,2130,3,3303,5935,55.65,30,0.15,0.05,6.32,0.00,55.65,0.19,1.28,0.42,35.89,0.05
3165107,SÃO TOMÁS DE AQUINO - MG,277.928,2,6,156,0,2901,12,15,6,782,5,2901,3885,74.67,30,0.05,0.15,4.02,0.00,74.67,0.31,0.39,0.15,20.13,0.13
3165206,SÃO TOMÉ DAS LETRAS - MG,369.747,4,1,109,0,1499,5,16,55,1557,13,1557,3259,47.78,55,0.12,0.03,3.34,0.00,46.00,0.15,0.49,1.69,47.78,0.40
3165305,SÃO VICENTE DE MINAS - MG,392.651,1,4,123,0,2429,2,398,4,810,2,2429,3773,64.38,30,0.03,0.11,3.26,0.00,64.38,0.05,10.55,0.11,21.47,0.05
3165404,SAPUCAÍ-MIRIM - MG,285.073,1,3,153,0,2819,2,37,24,654,4,2819,3697,76.25,30,0.03,0.08,4.14,0.00,76.25,0.05,1.00,0.65,17.69,0.11
3165503,SARDOÁ - MG,141.904,0,1,159,0,1340,5,17,12,1022,0,1340,2556,52.43,30,0.00,0.04,6.22,0.00,52.43,0.20,0.67,0.47,39.98,0.00
3165537,SARZEDO - MG,62.134,32,11,2343,0,8779,30,54,31,6239,18,8779,17537,50.06,30,0.18,0.06,13.36,0.00,50.06,0.17,0.31,0.18,35.58,0.10
3165552,SETUBINHA - MG,534.655,1,5,141,0,1888,4,46,8,2649,3,2649,4745,55.83,55,0.02,0.11,2.97,0.00,39.79,0.08,0.97,0.17,55.83,0.06
3165560,SEM-PEIXE - MG,176.634,2,0,69,0,923,1,24,3,1293,4,1293,2319,55.76,55,0.09,0.00,2.98,0.00,39.80,0.04,1.03,0.13,55.76,0.17
3165578,SENADOR AMARAL - MG,151.097,0,2,195,0,2540,3,8,6,1088,0,2540,3842,66.11,30,0.00,0.05,5.08,0.00,66.11,0.08,0.21,0.16,28.32,0.00
3165602,SENADOR CORTES - MG,98.33600000000001,2,1,76,0,1267,1,40,3,339,2,1267,1731,73.19,30,0.12,0.06,4.39,0.00,73.19,0.06,2.31,0.17,19.58,0.12
3165701,SENADOR FIRMINO - MG,166.495,1,2,126,0,2085,3,27,14,2090,8,2090,4356,47.98,55,0.02,0.05,2.89,0.00,47.87,0.07,0.62,0.32,47.98,0.18
3165800,SENADOR JOSÉ BENTO - MG,93.892,0,1,71,0,1238,2,4,2,287,0,1238,1605,77.13,30,0.00,0.06,4.42,0.00,77.13,0.12,0.25,0.12,17.88,0.00
3165909,SENADOR MODESTINO GONÇALVES - MG,952.055,0,0,85,0,1239,3,14,4,1202,0,1239,2547,48.65,30,0.00,0.00,3.34,0.00,48.65,0.12,0.55,0.16,47.19,0.00
3166006,SENHORA DE OLIVEIRA - MG,170.749,3,2,134,0,1128,3,21,9,2331,2,2331,3633,64.16,55,0.08,0.06,3.69,0.00,31.05,0.08,0.58,0.25,64.16,0.06
3166105,SENHORA DO PORTO - MG,381.328,0,1,65,0,1081,3,11,2,724,2,1081,1889,57.23,30,0.00,0.05,3.44,0.00,57.23,0.16,0.58,0.11,38.33,0.11
3166204,SENHORA DOS REMÉDIOS - MG,237.815,10,7,275,0,2820,10,54,18,2384,7,2820,5585,50.49,30,0.18,0.13,4.92,0.00,50.49,0.18,0.97,0.32,42.69,0.13
3166303,SERICITA - MG,166.012,1,5,279,0,2922,3,20,6,1402,1,2922,4639,62.99,30,0.02,0.11,6.01,0.00,62.99,0.06,0.43,0.13,30.22,0.02
3166402,SERITINGA - MG,114.769,1,3,60,0,635,3,31,10,522,0,635,1265,50.20,30,0.08,0.24,4.74,0.00,50.20,0.24,2.45,0.79,41.26,0.00
3166501,SERRA AZUL DE MINAS - MG,218.595,0,2,48,0,1100,2,9,2,686,0,1100,1849,59.49,30,0.00,0.11,2.60,0.00,59.49,0.11,0.49,0.11,37.10,0.00
3166600,SERRA DA SAUDADE - MG,335.659,0,1,29,0,706,0,4,1,114,0,706,855,82.57,30,0.00,0.12,3.39,0.00,82.57,0.00,0.47,0.12,13.33,0.00
3166709,SERRA DOS AIMORÉS - MG,213.574,0,2,150,0,2087,1,11,1,1388,4,2087,3644,57.27,30,0.00,0.05,4.12,0.00,57.27,0.03,0.30,0.03,38.09,0.11
3166808,SERRA DO SALITRE - MG,1295.272,2,5,399,0,4011,14,35,18,1636,3,4011,6123,65.51,30,0.03,0.08,6.52,0.00,65.51,0.23,0.57,0.29,26.72,0.05
3166907,SERRANIA - MG,209.27,0,4,137,0,2894,2,24,10,1207,4,2894,4282,67.59,30,0.00,0.09,3.20,0.00,67.59,0.05,0.56,0.23,28.19,0.09
3166956,SERRANÓPOLIS DE MINAS - MG,551.954,2,2,110,0,946,2,6,1,1583,1,1583,2653,59.67,55,0.08,0.08,4.15,0.00,35.66,0.08,0.23,0.04,59.67,0.04
3167004,SERRANOS - MG,213.173,0,1,45,0,979,1,26,5,377,0,979,1434,68.27,30,0.00,0.07,3.14,0.00,68.27,0.07,1.81,0.35,26.29,0.00
3167103,SERRO - MG,1217.813,1,8,747,0,3495,8,56,22,5165,12,5165,9514,54.29,55,0.01,0.08,7.85,0.00,36.74,0.08,0.59,0.23,54.29,0.13
3167202,SETE LAGOAS - MG,536.928,148,139,11910,0,64695,174,595,310,37990,139,64695,116100,55.72,30,0.13,0.12,10.26,0.00,55.72,0.15,0.51,0.27,32.72,0.12
3167301,SILVEIRÂNIA - MG,157.456,2,0,81,0,772,3,25,9,1037,0,1037,1929,53.76,55,0.10,0.00,4.20,0.00,40.02,0.16,1.30,0.47,53.76,0.00
3167400,SILVIANÓPOLIS - MG,312.166,0,1,139,0,2674,5,11,7,494,4,2674,3335,80.18,30,0.00,0.03,4.17,0.00,80.18,0.15,0.33,0.21,14.81,0.12
3167509,SIMÃO PEREIRA - MG,135.689,0,0,87,0,1734,0,15,8,421,1,1734,2266,76.52,30,0.00,0.00,3.84,0.00,76.52,0.00,0.66,0.35,18.58,0.04
3167608,SIMONÉSIA - MG,486.543,12,13,536,0,5755,9,54,16,3740,4,5755,10139,56.76,30,0.12,0.13,5.29,0.00,56.76,0.09,0.53,0.16,36.89,0.04
3167707,SOBRÁLIA - MG,206.787,1,1,1337,0,773,0,5,2,662,0,1337,2781,48.08,22,0.04,0.04,48.08,0.00,27.80,0.00,0.18,0.07,23.80,0.00
3167806,SOLEDADE DE MINAS - MG,196.866,1,5,250,0,2396,6,17,27,782,7,2396,3491,68.63,30,0.03,0.14,7.16,0.00,68.63,0.17,0.49,0.77,22.40,0.20
3167905,TABULEIRO - MG,211.084,0,2,101,0,1663,4,37,11,851,2,1663,2671,62.26,30,0.00,0.07,3.78,0.00,62.26,0.15,1.39,0.41,31.86,0.07
3168002,TAIOBEIRAS - MG,1220.046,12,26,1067,0,12063,18,89,29,4128,15,12063,17447,69.14,30,0.07,0.15,6.12,0.00,69.14,0.10,0.51,0.17,23.66,0.09
3168051,TAPARUBA - MG,193.082,0,1,141,0,1200,2,21,6,1080,1,1200,2452,48.94,30,0.00,0.04,5.75,0.00,48.94,0.08,0.86,0.24,44.05,0.04
3168101,TAPIRA - MG,1179.248,0,2,120,0,2954,3,6,10,282,1,2954,3378,87.45,30,0.00,0.06,3.55,0.00,87.45,0.09,0.18,0.30,8.35,0.03
3168200,TAPIRAÍ - MG,407.92,1,1,35,0,981,0,1,1,348,0,981,1368,71.71,30,0.07,0.07,2.56,0.00,71.71,0.00,0.07,0.07,25.44,0.00
3168309,TAQUARAÇU DE MINAS - MG,329.287,2,4,235,0,1930,1,13,3,1067,2,1930,3257,59.26,30,0.06,0.12,7.22,0.00,59.26,0.03,0.40,0.09,32.76,0.06
3168408,TARUMIRIM - MG,731.753,5,3,376,0,3117,8,51,7,2931,7,3117,6505,47.92,30,0.08,0.05,5.78,0.00,47.92,0.12,0.78,0.11,45.06,0.11
3168507,TEIXEIRAS - MG,166.735,2,11,280,0,3082,9,34,21,3313,5,3313,6757,49.03,55,0.03,0.16,4.14,0.00,45.61,0.13,0.50,0.31,49.03,0.07
3168606,TEÓFILO OTONI - MG,3242.27,40,63,4613,0,35777,195,373,170,24558,85,35777,65874,54.31,30,0.06,0.10,7.00,0.00,54.31,0.30,0.57,0.26,37.28,0.13
3168705,TIMÓTEO - MG,144.381,40,93,2947,0,25460,85,155,146,12041,75,25460,41042,62.03,30,0.10,0.23,7.18,0.00,62.03,0.21,0.38,0.36,29.34,0.18
3168804,TIRADENTES - MG,83.04699999999998,7,4,278,0,2723,4,92,34,1668,15,2723,4825,56.44,30,0.15,0.08,5.76,0.00,56.44,0.08,1.91,0.70,34.57,0.31
3168903,TIROS - MG,2091.774,0,1,198,0,3023,8,13,1,598,5,3023,3847,78.58,30,0.00,0.03,5.15,0.00,78.58,0.21,0.34,0.03,15.54,0.13
3169000,TOCANTINS - MG,173.866,1,7,517,0,5006,5,95,32,3278,21,5006,8962,55.86,30,0.01,0.08,5.77,0.00,55.86,0.06,1.06,0.36,36.58,0.23
3169059,TOCOS DO MOJI - MG,114.705,0,0,48,0,2270,1,11,4,569,1,2270,2904,78.17,30,0.00,0.00,1.65,0.00,78.17,0.03,0.38,0.14,19.59,0.03
3169109,TOLEDO - MG,136.776,0,0,214,0,3348,4,31,10,647,1,3348,4255,78.68,30,0.00,0.00,5.03,0.00,78.68,0.09,0.73,0.24,15.21,0.02
3169208,TOMBOS - MG,285.124,0,1,221,0,2425,7,6,22,2067,3,2425,4752,51.03,30,0.00,0.02,4.65,0.00,51.03,0.15,0.13,0.46,43.50,0.06
3169307,TRÊS CORAÇÕES - MG,828.038,50,64,3004,0,25800,65,241,200,6811,93,25800,36328,71.02,30,0.14,0.18,8.27,0.00,71.02,0.18,0.66,0.55,18.75,0.26
3169356,TRÊS MARIAS - MG,2678.253,10,7,933,0,9911,24,64,32,4812,17,9911,15810,62.69,30,0.06,0.04,5.90,0.00,62.69,0.15,0.40,0.20,30.44,0.11
3169406,TRÊS PONTAS - MG,689.794,76,29,1515,0,21652,54,136,176,7503,47,21652,31188,69.42,30,0.24,0.09,4.86,0.00,69.42,0.17,0.44,0.56,24.06,0.15
3169505,TUMIRITINGA - MG,500.073,1,3,224,0,1600,6,10,3,1601,0,1601,3448,46.43,55,0.03,0.09,6.50,0.00,46.40,0.17,0.29,0.09,46.43,0.00
3169604,TUPACIGUARA - MG,1822.53,12,12,615,0,7258,14,81,57,5045,10,7258,13104,55.39,30,0.09,0.09,4.69,0.00,55.39,0.11,0.62,0.43,38.50,0.08
3169703,TURMALINA - MG,1153.111,2,6,260,0,4735,12,186,10,5429,7,5429,10647,50.99,55,0.02,0.06,2.44,0.00,44.47,0.11,1.75,0.09,50.99,0.07
3169802,TURVOLÂNDIA - MG,221.0,2,6,92,0,2117,1,12,3,822,7,2117,3062,69.14,30,0.07,0.20,3.00,0.00,69.14,0.03,0.39,0.10,26.85,0.23
3169901,UBÁ - MG,407.452,45,45,2482,0,30717,100,400,202,14474,73,30717,48538,63.28,30,0.09,0.09,5.11,0.00,63.28,0.21,0.82,0.42,29.82,0.15
3170008,UBAÍ - MG,820.524,3,6,335,0,2725,5,9,6,2843,3,2843,5935,47.90,55,0.05,0.10,5.64,0.00,45.91,0.08,0.15,0.10,47.90,0.05
3170057,UBAPORANGA - MG,189.045,2,6,483,0,4282,45,20,13,2094,8,4282,6953,61.58,30,0.03,0.09,6.95,0.00,61.58,0.65,0.29,0.19,30.12,0.12
3170107,UBERABA - MG,4523.957,236,348,8063,0,109719,739,755,1021,37114,385,109719,158380,69.28,30,0.15,0.22,5.09,0.00,69.28,0.47,0.48,0.64,23.43,0.24
3170206,UBERLÂNDIA - MG,4115.206,434,602,15982,0,244636,499,1479,2845,90634,839,244636,357950,68.34,30,0.12,0.17,4.46,0.00,68.34,0.14,0.41,0.79,25.32,0.23
3170305,UMBURATIBA - MG,405.834,0,2,38,0,478,1,8,3,1073,2,1073,1605,66.85,55,0.00,0.12,2.37,0.00,29.78,0.06,0.50,0.19,66.85,0.12
3170404,UNAÍ - MG,8445.432,22,27,3500,0,29839,56,187,72,9020,45,29839,42768,69.77,30,0.05,0.06,8.18,0.00,69.77,0.13,0.44,0.17,21.09,0.11
3170438,UNIÃO DE MINAS - MG,1147.407,0,2,67,0,1129,4,5,1,994,1,1129,2203,51.25,30,0.00,0.09,3.04,0.00,51.25,0.18,0.23,0.05,45.12,0.05
3170479,URUANA DE MINAS - MG,598.221,0,2,438,0,1277,0,39,4,573,0,1277,2333,54.74,30,0.00,0.09,18.77,0.00,54.74,0.00,1.67,0.17,24.56,0.00
3170503,URUCÂNIA - MG,138.792,3,7,283,0,2237,11,33,11,2823,2,2823,5410,52.18,55,0.06,0.13,5.23,0.00,41.35,0.20,0.61,0.20,52.18,0.04
3170529,URUCUIA - MG,2076.942,0,2,460,0,2696,3,9,3,1709,0,2696,4882,55.22,30,0.00,0.04,9.42,0.00,55.22,0.06,0.18,0.06,35.01,0.00
3170578,VARGEM ALEGRE - MG,116.664,0,2,239,0,1948,2,10,4,1504,5,1948,3714,52.45,30,0.00,0.05,6.44,0.00,52.45,0.05,0.27,0.11,40.50,0.13
3170602,VARGEM BONITA - MG,409.888,2,1,80,0,1306,3,9,1,357,1,1306,1760,74.20,30,0.11,0.06,4.55,0.00,74.20,0.17,0.51,0.06,20.28,0.06
3170651,VARGEM GRANDE DO RIO PARDO - MG,491.512,0,1,242,0,2014,1,14,4,528,1,2014,2805,71.80,30,0.00,0.04,8.63,0.00,71.80,0.04,0.50,0.14,18.82,0.04
3170701,VARGINHA - MG,395.396,97,99,4633,0,52819,70,342,490,13004,117,52819,71671,73.70,30,0.14,0.14,6.46,0.00,73.70,0.10,0.48,0.68,18.14,0.16
3170750,VARJÃO DE MINAS - MG,651.505,3,3,919,0,2428,1,12,5,1139,2,2428,4512,53.81,30,0.07,0.07,20.37,0.00,53.81,0.02,0.27,0.11,25.24,0.04
3170800,VÁRZEA DA PALMA - MG,2220.279,17,21,1327,0,9019,27,93,42,5910,18,9019,16474,54.75,30,0.10,0.13,8.06,0.00,54.75,0.16,0.56,0.25,35.87,0.11
3170909,VARZELÂNDIA - MG,814.994,1,3,547,0,2846,7,19,6,6226,6,6226,9661,64.44,55,0.01,0.03,5.66,0.00,29.46,0.07,0.20,0.06,64.44,0.06
3171006,VAZANTE - MG,1913.396,6,17,637,0,6648,20,38,30,3622,18,6648,11036,60.24,30,0.05,0.15,5.77,0.00,60.24,0.18,0.34,0.27,32.82,0.16
3171030,VERDELÂNDIA - MG,1570.582,1,1,194,0,1597,1,14,3,2402,2,2402,4215,56.99,55,0.02,0.02,4.60,0.00,37.89,0.02,0.33,0.07,56.99,0.05
3171071,VEREDINHA - MG,631.692,1,1,70,0,1687,2,11,4,1491,1,1687,3268,51.62,30,0.03,0.03,2.14,0.00,51.62,0.06,0.34,0.12,45.62,0.03
3171105,VERÍSSIMO - MG,1031.823,0,0,76,0,1337,13,8,10,561,0,1337,2005,66.68,30,0.00,0.00,3.79,0.00,66.68,0.65,0.40,0.50,27.98,0.00
3171154,VERMELHO NOVO - MG,115.242,6,4,144,0,1744,0,13,2,1274,1,1744,3188,54.71,30,0.19,0.13,4.52,0.00,54.71,0.00,0.41,0.06,39.96,0.03
3171204,VESPASIANO - MG,71.04,71,48,7539,0,27570,46,271,158,25132,52,27570,60887,45.28,30,0.12,0.08,12.38,0.00,45.28,0.08,0.45,0.26,41.28,0.09
3171303,VIÇOSA - MG,299.418,32,127,1506,0,16931,49,180,287,20674,175,20674,39961,51.74,55,0.08,0.32,3.77,0.00,42.37,0.12,0.45,0.72,51.74,0.44
3171402,VIEIRAS - MG,112.691,0,1,93,0,1492,4,14,2,1156,0,1492,2762,54.02,30,0.00,0.04,3.37,0.00,54.02,0.14,0.51,0.07,41.85,0.00
3171501,MATHIAS LOBATO - MG,172.297,0,3,126,0,1136,7,11,6,821,0,1136,2110,53.84,30,0.00,0.14,5.97,0.00,53.84,0.33,0.52,0.28,38.91,0.00
3171600,VIRGEM DA LAPA - MG,868.914,1,4,254,0,2110,6,28,3,3291,5,3291,5702,57.72,55,0.02,0.07,4.45,0.00,37.00,0.11,0.49,0.05,57.72,0.09
3171709,VIRGÍNIA - MG,326.515,4,7,175,0,3921,6,21,5,1043,4,3921,5186,75.61,30,0.08,0.13,3.37,0.00,75.61,0.12,0.40,0.10,20.11,0.08
3171808,VIRGINÓPOLIS - MG,439.878,7,4,287,0,1656,10,34,17,2739,8,2739,4762,57.52,55,0.15,0.08,6.03,0.00,34.78,0.21,0.71,0.36,57.52,0.17
3171907,VIRGOLÂNDIA - MG,281.022,5,4,105,0,978,1,12,4,1473,1,1473,2583,57.03,55,0.19,0.15,4.07,0.00,37.86,0.04,0.46,0.15,57.03,0.04
3172004,VISCONDE DO RIO BRANCO - MG,243.351,9,45,898,0,11251,23,74,66,7880,49,11251,20295,55.44,30,0.04,0.22,4.42,0.00,55.44,0.11,0.36,0.33,38.83,0.24
3172103,VOLTA GRANDE - MG,205.552,0,2,97,0,1657,0,15,4,870,4,1657,2649,62.55,30,0.00,0.08,3.66,0.00,62.55,0.00,0.57,0.15,32.84,0.15
3172202,WENCESLAU BRAZ - MG,102.487,6,2,122,0,1012,2,11,8,681,5,1012,1849,54.73,30,0.32,0.11,6.60,0.00,54.73,0.11,0.59,0.43,36.83,0.27
