CD_MUN,MUN,AREA_KM2,13,15,16,18,30,45,50,70,vencedor_votacao,total,% VOTACAO,vencedor,vencedor_nome,% 13,% 15,% 16,% 18,% 30,% 45,% 50,% 70
3100104,ABADIA DOS DOURADOS - MG,880.461,646,26,1,1,2218,731,12,5,2218,3640,60.93,30,ROMEU ZEMA,17.75,0.71,0.03,0.03,60.93,20.08,0.33,0.14
3100203,ABAETÉ - MG,1817.067,1303,157,6,23,5630,4259,54,8,5630,11440,49.21,30,ROMEU ZEMA,11.39,1.37,0.05,0.20,49.21,37.23,0.47,0.07
3100302,ABRE CAMPO - MG,470.551,2303,204,7,26,2236,1808,53,12,2303,6649,34.64,13,FERNANDO PIMENTEL,34.64,3.07,0.11,0.39,33.63,27.19,0.80,0.18
3100401,ACAIACA - MG,101.886,923,30,2,3,422,595,9,0,923,1984,46.52,13,FERNANDO PIMENTEL,46.52,1.51,0.10,0.15,21.27,29.99,0.45,0.00
3100500,AÇUCENA - MG,815.422,1847,28,4,6,908,1433,11,5,1847,4242,43.54,13,FERNANDO PIMENTEL,43.54,0.66,0.09,0.14,21.40,33.78,0.26,0.12
3100609,ÁGUA BOA - MG,1320.344,2768,86,0,7,1074,2871,14,4,2871,6824,42.07,45,ANTONIO ANASTASIA,40.56,1.26,0.00,0.10,15.74,42.07,0.21,0.06
3100708,ÁGUA COMPRIDA - MG,492.167,236,7,0,3,799,285,3,3,799,1336,59.81,30,ROMEU ZEMA,17.66,0.52,0.00,0.22,59.81,21.33,0.22,0.22
3100807,AGUANIL - MG,232.091,559,41,2,6,1134,530,8,1,1134,2281,49.72,30,ROMEU ZEMA,24.51,1.80,0.09,0.26,49.72,23.24,0.35,0.04
3100906,ÁGUAS FORMOSAS - MG,820.0789999999998,4175,102,1,13,2084,2726,41,1,4175,9143,45.66,13,FERNANDO PIMENTEL,45.66,1.12,0.01,0.14,22.79,29.82,0.45,0.01
3101003,ÁGUAS VERMELHAS - MG,1256.607,2113,69,2,16,786,2309,11,10,2309,5316,43.43,45,ANTONIO ANASTASIA,39.75,1.30,0.04,0.30,14.79,43.43,0.21,0.19
3101102,AIMORÉS - MG,1348.913,3139,1463,12,112,4101,2963,49,10,4101,11849,34.61,30,ROMEU ZEMA,26.49,12.35,0.10,0.95,34.61,25.01,0.41,0.08
3101201,AIURUOCA - MG,649.68,439,24,4,13,885,1374,38,0,1374,2777,49.48,45,ANTONIO ANASTASIA,15.81,0.86,0.14,0.47,31.87,49.48,1.37,0.00
3101300,ALAGOA - MG,161.356,133,10,1,1,136,1409,2,0,1409,1692,83.27,45,ANTONIO ANASTASIA,7.86,0.59,0.06,0.06,8.04,83.27,0.12,0.00
3101409,ALBERTINA - MG,58.01,85,13,1,1,226,1347,5,0,1347,1678,80.27,45,ANTONIO ANASTASIA,5.07,0.77,0.06,0.06,13.47,80.27,0.30,0.00
3101508,ALÉM PARAÍBA - MG,510.25,4730,653,19,73,5308,6315,332,18,6315,17448,36.19,45,ANTONIO ANASTASIA,27.11,3.74,0.11,0.42,30.42,36.19,1.90,0.10
3101607,ALFENAS - MG,850.446,6851,454,36,170,20654,8520,451,44,20654,37180,55.55,30,ROMEU ZEMA,18.43,1.22,0.10,0.46,55.55,22.92,1.21,0.12
3101631,ALFREDO VASCONCELOS - MG,130.815,766,54,2,7,1280,1266,20,3,1280,3398,37.67,30,ROMEU ZEMA,22.54,1.59,0.06,0.21,37.67,37.26,0.59,0.09
3101706,ALMENARA - MG,2294.426,10756,279,7,63,3170,3900,48,9,10756,18232,59.00,13,FERNANDO PIMENTEL,59.00,1.53,0.04,0.35,17.39,21.39,0.26,0.05
3101805,ALPERCATA - MG,166.972,1336,79,3,5,1213,1159,13,6,1336,3814,35.03,13,FERNANDO PIMENTEL,35.03,2.07,0.08,0.13,31.80,30.39,0.34,0.16
3101904,ALPINÓPOLIS - MG,460.685,1617,81,4,58,5530,2891,52,13,5530,10246,53.97,30,ROMEU ZEMA,15.78,0.79,0.04,0.57,53.97,28.22,0.51,0.13
3102001,ALTEROSA - MG,362.01,1591,58,4,20,3300,3005,29,4,3300,8011,41.19,30,ROMEU ZEMA,19.86,0.72,0.05,0.25,41.19,37.51,0.36,0.05
3102050,ALTO CAPARAÓ - MG,103.69,378,52,0,3,1417,1162,7,0,1417,3019,46.94,30,ROMEU ZEMA,12.52,1.72,0.00,0.10,46.94,38.49,0.23,0.00
3102100,ALTO RIO DOCE - MG,518.053,2797,60,7,8,903,1936,64,11,2797,5786,48.34,13,FERNANDO PIMENTEL,48.34,1.04,0.12,0.14,15.61,33.46,1.11,0.19
3102209,ALVARENGA - MG,278.175,1217,28,0,6,501,1101,6,0,1217,2859,42.57,13,FERNANDO PIMENTEL,42.57,0.98,0.00,0.21,17.52,38.51,0.21,0.00
3102308,ALVINÓPOLIS - MG,599.443,2980,197,5,23,2319,2271,54,8,2980,7857,37.93,13,FERNANDO PIMENTEL,37.93,2.51,0.06,0.29,29.52,28.90,0.69,0.10
3102407,ALVORADA DE MINAS - MG,374.008,757,48,0,4,468,992,6,9,992,2284,43.43,45,ANTONIO ANASTASIA,33.14,2.10,0.00,0.18,20.49,43.43,0.26,0.39
3102506,AMPARO DO SERRA - MG,136.186,1517,38,0,6,484,863,10,5,1517,2923,51.90,13,FERNANDO PIMENTEL,51.90,1.30,0.00,0.21,16.56,29.52,0.34,0.17
3102605,ANDRADAS - MG,469.396,1751,343,4,107,5755,10459,157,9,10459,18585,56.28,45,ANTONIO ANASTASIA,9.42,1.85,0.02,0.58,30.97,56.28,0.84,0.05
3102704,CACHOEIRA DE PAJEÚ - MG,695.672,1524,772,0,1,659,1053,8,3,1524,4020,37.91,13,FERNANDO PIMENTEL,37.91,19.20,0.00,0.02,16.39,26.19,0.20,0.07
3102803,ANDRELÂNDIA - MG,1005.285,1561,48,10,17,1661,2203,41,3,2203,5544,39.74,45,ANTONIO ANASTASIA,28.16,0.87,0.18,0.31,29.96,39.74,0.74,0.05
3102852,ANGELÂNDIA - MG,185.211,1178,30,0,8,730,1750,4,3,1750,3703,47.26,45,ANTONIO ANASTASIA,31.81,0.81,0.00,0.22,19.71,47.26,0.11,0.08
3102902,ANTÔNIO CARLOS - MG,529.915,1872,124,8,11,1823,1627,46,10,1872,5521,33.91,13,FERNANDO PIMENTEL,33.91,2.25,0.14,0.20,33.02,29.47,0.83,0.18
3103009,ANTÔNIO DIAS - MG,787.061,1333,204,3,19,1634,2144,24,1,2144,5362,39.99,45,ANTONIO ANASTASIA,24.86,3.80,0.06,0.35,30.47,39.99,0.45,0.02
3103108,ANTÔNIO PRADO DE MINAS - MG,83.802,381,12,0,19,224,729,4,1,729,1370,53.21,45,ANTONIO ANASTASIA,27.81,0.88,0.00,1.39,16.35,53.21,0.29,0.07
3103207,ARAÇAÍ - MG,187.538,291,44,2,8,530,740,10,1,740,1626,45.51,45,ANTONIO ANASTASIA,17.90,2.71,0.12,0.49,32.60,45.51,0.62,0.06
3103306,ARACITABA - MG,106.608,346,30,1,2,291,659,11,2,659,1342,49.11,45,ANTONIO ANASTASIA,25.78,2.24,0.07,0.15,21.68,49.11,0.82,0.15
3103405,ARAÇUAÍ - MG,2236.279,7801,322,15,19,2993,3986,83,17,7801,15236,51.20,13,FERNANDO PIMENTEL,51.20,2.11,0.10,0.12,19.64,26.16,0.54,0.11
3103504,ARAGUARI - MG,2729.777,6222,1186,45,170,36492,10938,441,50,36492,55544,65.70,30,ROMEU ZEMA,11.20,2.14,0.08,0.31,65.70,19.69,0.79,0.09
3103603,ARANTINA - MG,89.42,512,20,2,5,400,598,21,1,598,1559,38.36,45,ANTONIO ANASTASIA,32.84,1.28,0.13,0.32,25.66,38.36,1.35,0.06
3103702,ARAPONGA - MG,303.793,2225,33,6,7,450,1373,17,1,2225,4112,54.11,13,FERNANDO PIMENTEL,54.11,0.80,0.15,0.17,10.94,33.39,0.41,0.02
3103751,ARAPORÃ - MG,294.354,419,38,1,16,969,2100,26,3,2100,3572,58.79,45,ANTONIO ANASTASIA,11.73,1.06,0.03,0.45,27.13,58.79,0.73,0.08
3103801,ARAPUÁ - MG,173.894,185,20,0,3,1023,714,6,2,1023,1953,52.38,30,ROMEU ZEMA,9.47,1.02,0.00,0.15,52.38,36.56,0.31,0.10
3103900,ARAÚJOS - MG,245.522,270,90,0,11,3138,559,26,7,3138,4101,76.52,30,ROMEU ZEMA,6.58,2.19,0.00,0.27,76.52,13.63,0.63,0.17
3104007,ARAXÁ - MG,1164.062,3816,225,11,73,43614,3786,294,98,43614,51917,84.01,30,ROMEU ZEMA,7.35,0.43,0.02,0.14,84.01,7.29,0.57,0.19
3104106,ARCEBURGO - MG,162.875,645,51,6,21,1728,1455,29,31,1728,3966,43.57,30,ROMEU ZEMA,16.26,1.29,0.15,0.53,43.57,36.69,0.73,0.78
3104205,ARCOS - MG,509.873,1937,250,11,60,13652,3506,231,18,13652,19665,69.42,30,ROMEU ZEMA,9.85,1.27,0.06,0.31,69.42,17.83,1.17,0.09
3104304,AREADO - MG,283.124,674,78,3,32,4361,2243,54,36,4361,7481,58.29,30,ROMEU ZEMA,9.01,1.04,0.04,0.43,58.29,29.98,0.72,0.48
3104403,ARGIRITA - MG,159.378,543,6,2,6,706,553,20,2,706,1838,38.41,30,ROMEU ZEMA,29.54,0.33,0.11,0.33,38.41,30.09,1.09,0.11
3104452,ARICANDUVA - MG,243.329,1213,76,0,3,389,969,4,1,1213,2655,45.69,13,FERNANDO PIMENTEL,45.69,2.86,0.00,0.11,14.65,36.50,0.15,0.04
3104502,ARINOS - MG,5279.419,3610,57,0,8,1715,2531,25,9,3610,7955,45.38,13,FERNANDO PIMENTEL,45.38,0.72,0.00,0.10,21.56,31.82,0.31,0.11
3104601,ASTOLFO DUTRA - MG,158.891,1977,74,1,6,2583,2218,51,2,2583,6912,37.37,30,ROMEU ZEMA,28.60,1.07,0.01,0.09,37.37,32.09,0.74,0.03
3104700,ATALÉIA - MG,1836.925,3782,85,4,10,1694,956,6,3,3782,6540,57.83,13,FERNANDO PIMENTEL,57.83,1.30,0.06,0.15,25.90,14.62,0.09,0.05
3104809,AUGUSTO DE LIMA - MG,1254.832,595,72,4,13,707,883,7,7,883,2288,38.59,45,ANTONIO ANASTASIA,26.01,3.15,0.17,0.57,30.90,38.59,0.31,0.31
3104908,BAEPENDI - MG,750.5539999999999,1139,98,4,36,4767,3926,63,14,4767,10047,47.45,30,ROMEU ZEMA,11.34,0.98,0.04,0.36,47.45,39.08,0.63,0.14
3105004,BALDIM - MG,556.266,814,152,4,10,1103,2232,30,15,2232,4360,51.19,45,ANTONIO ANASTASIA,18.67,3.49,0.09,0.23,25.30,51.19,0.69,0.34
3105103,BAMBUÍ - MG,1455.819,2030,148,8,28,6530,2597,77,13,6530,11431,57.13,30,ROMEU ZEMA,17.76,1.29,0.07,0.24,57.13,22.72,0.67,0.11
3105202,BANDEIRA - MG,483.789,1990,10,0,6,146,373,3,1,1990,2529,78.69,13,FERNANDO PIMENTEL,78.69,0.40,0.00,0.24,5.77,14.75,0.12,0.04
3105301,BANDEIRA DO SUL - MG,47.266,413,60,2,6,1487,1419,29,2,1487,3418,43.50,30,ROMEU ZEMA,12.08,1.76,0.06,0.18,43.50,41.52,0.85,0.06
3105400,BARÃO DE COCAIS - MG,340.14,3052,452,39,164,4993,4808,237,38,4993,13783,36.23,30,ROMEU ZEMA,22.14,3.28,0.28,1.19,36.23,34.88,1.72,0.28
3105509,BARÃO DE MONTE ALTO - MG,198.313,1407,29,0,21,1216,924,13,1,1407,3611,38.96,13,FERNANDO PIMENTEL,38.96,0.80,0.00,0.58,33.67,25.59,0.36,0.03
3105608,BARBACENA - MG,759.186,16170,965,103,416,22910,16148,943,90,22910,57745,39.67,30,ROMEU ZEMA,28.00,1.67,0.18,0.72,39.67,27.96,1.63,0.16
3105707,BARRA LONGA - MG,383.628,1345,48,2,10,617,982,15,0,1345,3019,44.55,13,FERNANDO PIMENTEL,44.55,1.59,0.07,0.33,20.44,32.53,0.50,0.00
3105905,BARROSO - MG,82.06999999999998,1912,148,22,36,4779,2746,82,9,4779,9734,49.10,30,ROMEU ZEMA,19.64,1.52,0.23,0.37,49.10,28.21,0.84,0.09
3106002,BELA VISTA DE MINAS - MG,109.143,1764,197,21,28,1776,1315,54,6,1776,5161,34.41,30,ROMEU ZEMA,34.18,3.82,0.41,0.54,34.41,25.48,1.05,0.12
3106101,BELMIRO BRAGA - MG,393.086,730,46,1,7,505,683,28,3,730,2003,36.45,13,FERNANDO PIMENTEL,36.45,2.30,0.05,0.35,25.21,34.10,1.40,0.15
3106200,BELO HORIZONTE - MG,331.354,206299,47760,2588,13954,557317,404785,42015,4472,557317,1279190,43.57,30,ROMEU ZEMA,16.13,3.73,0.20,1.09,43.57,31.64,3.28,0.35
3106309,BELO ORIENTE - MG,334.909,2933,118,5,26,4198,3530,51,16,4198,10877,38.60,30,ROMEU ZEMA,26.97,1.08,0.05,0.24,38.60,32.45,0.47,0.15
3106408,BELO VALE - MG,365.923,1460,71,3,22,1581,1617,39,8,1617,4801,33.68,45,ANTONIO ANASTASIA,30.41,1.48,0.06,0.46,32.93,33.68,0.81,0.17
3106507,BERILO - MG,587.106,2734,35,5,9,436,1466,8,1,2734,4694,58.24,13,FERNANDO PIMENTEL,58.24,0.75,0.11,0.19,9.29,31.23,0.17,0.02
3106606,BERTÓPOLIS - MG,427.803,1403,14,0,2,138,969,1,0,1403,2527,55.52,13,FERNANDO PIMENTEL,55.52,0.55,0.00,0.08,5.46,38.35,0.04,0.00
3106655,BERIZAL - MG,488.756,635,45,0,8,447,1418,3,0,1418,2556,55.48,45,ANTONIO ANASTASIA,24.84,1.76,0.00,0.31,17.49,55.48,0.12,0.00
3106705,BETIM - MG,343.884,42409,10699,492,1293,76913,38966,2659,473,76913,173904,44.23,30,ROMEU ZEMA,24.39,6.15,0.28,0.74,44.23,22.41,1.53,0.27
3106804,BIAS FORTES - MG,283.535,1098,36,1,2,440,795,8,0,1098,2380,46.13,13,FERNANDO PIMENTEL,46.13,1.51,0.04,0.08,18.49,33.40,0.34,0.00
3106903,BICAS - MG,140.082,1433,78,9,42,2960,2050,163,10,2960,6745,43.88,30,ROMEU ZEMA,21.25,1.16,0.13,0.62,43.88,30.39,2.42,0.15
3107000,BIQUINHAS - MG,458.948,305,78,0,6,438,904,2,2,904,1735,52.10,45,ANTONIO ANASTASIA,17.58,4.50,0.00,0.35,25.24,52.10,0.12,0.12
3107109,BOA ESPERANÇA - MG,860.669,3404,318,19,87,8537,5765,143,24,8537,18297,46.66,30,ROMEU ZEMA,18.60,1.74,0.10,0.48,46.66,31.51,0.78,0.13
3107208,BOCAINA DE MINAS - MG,503.77,453,21,1,21,614,1493,28,2,1493,2633,56.70,45,ANTONIO ANASTASIA,17.20,0.80,0.04,0.80,23.32,56.70,1.06,0.08
3107307,BOCAIÚVA - MG,3206.757,10107,236,8,90,8514,3594,85,19,10107,22653,44.62,13,FERNANDO PIMENTEL,44.62,1.04,0.04,0.40,37.58,15.87,0.38,0.08
3107406,BOM DESPACHO - MG,1213.546,1540,228,13,98,14224,7138,282,44,14224,23567,60.36,30,ROMEU ZEMA,6.53,0.97,0.06,0.42,60.36,30.29,1.20,0.19
3107505,BOM JARDIM DE MINAS - MG,412.021,817,116,7,17,1184,1209,29,8,1209,3387,35.70,45,ANTONIO ANASTASIA,24.12,3.42,0.21,0.50,34.96,35.70,0.86,0.24
3107604,BOM JESUS DA PENHA - MG,208.349,235,11,0,2,1043,822,10,1,1043,2124,49.11,30,ROMEU ZEMA,11.06,0.52,0.00,0.09,49.11,38.70,0.47,0.05
3107703,BOM JESUS DO AMPARO - MG,195.611,819,67,5,24,798,1201,15,4,1201,2933,40.95,45,ANTONIO ANASTASIA,27.92,2.28,0.17,0.82,27.21,40.95,0.51,0.14
3107802,BOM JESUS DO GALHO - MG,592.289,2934,130,6,14,1508,2718,11,7,2934,7328,40.04,13,FERNANDO PIMENTEL,40.04,1.77,0.08,0.19,20.58,37.09,0.15,0.10
3107901,BOM REPOUSO - MG,229.845,1278,25,1,9,2089,2181,25,3,2181,5611,38.87,45,ANTONIO ANASTASIA,22.78,0.45,0.02,0.16,37.23,38.87,0.45,0.05
3108008,BOM SUCESSO - MG,705.046,1629,111,9,52,3502,3636,113,8,3636,9060,40.13,45,ANTONIO ANASTASIA,17.98,1.23,0.10,0.57,38.65,40.13,1.25,0.09
3108107,BONFIM - MG,301.865,799,149,4,13,1469,1283,99,8,1469,3824,38.42,30,ROMEU ZEMA,20.89,3.90,0.10,0.34,38.42,33.55,2.59,0.21
3108206,BONFINÓPOLIS DE MINAS - MG,1850.487,1084,32,4,9,1024,872,8,2,1084,3035,35.72,13,FERNANDO PIMENTEL,35.72,1.05,0.13,0.30,33.74,28.73,0.26,0.07
3108255,BONITO DE MINAS - MG,3936.455,3196,176,0,14,576,761,11,4,3196,4738,67.45,13,FERNANDO PIMENTEL,67.45,3.71,0.00,0.30,12.16,16.06,0.23,0.08
3108305,BORDA DA MATA - MG,301.108,860,55,6,15,4070,3056,71,4,4070,8137,50.02,30,ROMEU ZEMA,10.57,0.68,0.07,0.18,50.02,37.56,0.87,0.05
3108404,BOTELHOS - MG,334.089,2216,96,4,30,3206,2450,72,6,3206,8080,39.68,30,ROMEU ZEMA,27.43,1.19,0.05,0.37,39.68,30.32,0.89,0.07
3108503,BOTUMIRIM - MG,1568.884,1155,16,1,5,678,1258,1,0,1258,3114,40.40,45,ANTONIO ANASTASIA,37.09,0.51,0.03,0.16,21.77,40.40,0.03,0.00
3108552,BRASILÂNDIA DE MINAS - MG,2509.694,2517,73,3,27,3066,1337,17,23,3066,7063,43.41,30,ROMEU ZEMA,35.64,1.03,0.04,0.38,43.41,18.93,0.24,0.33
3108602,BRASÍLIA DE MINAS - MG,1399.484,8432,452,7,41,4995,2107,32,9,8432,16075,52.45,13,FERNANDO PIMENTEL,52.45,2.81,0.04,0.26,31.07,13.11,0.20,0.06
3108701,BRÁS PIRES - MG,223.351,734,26,3,5,793,825,16,5,825,2407,34.28,45,ANTONIO ANASTASIA,30.49,1.08,0.12,0.21,32.95,34.28,0.66,0.21
3108800,BRAÚNAS - MG,378.318,773,21,3,13,656,917,11,5,917,2399,38.22,45,ANTONIO ANASTASIA,32.22,0.88,0.13,0.54,27.34,38.22,0.46,0.21
3108909,BRAZÓPOLIS - MG,367.688,1151,57,2,32,3350,2905,93,0,3350,7590,44.14,30,ROMEU ZEMA,15.16,0.75,0.03,0.42,44.14,38.27,1.23,0.00
3109006,BRUMADINHO - MG,639.434,2910,460,36,138,7413,5655,383,60,7413,17055,43.47,30,ROMEU ZEMA,17.06,2.70,0.21,0.81,43.47,33.16,2.25,0.35
3109105,BUENO BRANDÃO - MG,356.15,393,49,0,20,2515,2086,37,1,2515,5101,49.30,30,ROMEU ZEMA,7.70,0.96,0.00,0.39,49.30,40.89,0.73,0.02
3109204,BUENÓPOLIS - MG,1599.881,1187,85,8,46,1360,1368,4,15,1368,4073,33.59,45,ANTONIO ANASTASIA,29.14,2.09,0.20,1.13,33.39,33.59,0.10,0.37
3109253,BUGRE - MG,161.491,457,55,0,5,668,1389,8,2,1389,2584,53.75,45,ANTONIO ANASTASIA,17.69,2.13,0.00,0.19,25.85,53.75,0.31,0.08
3109303,BURITIS - MG,5225.186,2942,58,5,19,4806,3623,25,1,4806,11479,41.87,30,ROMEU ZEMA,25.63,0.51,0.04,0.17,41.87,31.56,0.22,0.01
3109402,BURITIZEIRO - MG,7218.401,4264,109,18,42,4074,2283,36,14,4264,10840,39.34,13,FERNANDO PIMENTEL,39.34,1.01,0.17,0.39,37.58,21.06,0.33,0.13
3109451,CABECEIRA GRANDE - MG,1033.055,738,36,1,2,635,1851,14,3,1851,3280,56.43,45,ANTONIO ANASTASIA,22.50,1.10,0.03,0.06,19.36,56.43,0.43,0.09
3109501,CABO VERDE - MG,368.206,1787,49,0,24,2705,1778,29,1,2705,6373,42.44,30,ROMEU ZEMA,28.04,0.77,0.00,0.38,42.44,27.90,0.46,0.02
3109600,CACHOEIRA DA PRATA - MG,61.381,270,88,3,10,1148,735,18,3,1148,2275,50.46,30,ROMEU ZEMA,11.87,3.87,0.13,0.44,50.46,32.31,0.79,0.13
3109709,CACHOEIRA DE MINAS - MG,304.243,457,55,2,14,3050,2384,50,4,3050,6016,50.70,30,ROMEU ZEMA,7.60,0.91,0.03,0.23,50.70,39.63,0.83,0.07
3109808,CACHOEIRA DOURADA - MG,203.07,307,3,2,1,539,566,8,0,566,1426,39.69,45,ANTONIO ANASTASIA,21.53,0.21,0.14,0.07,37.80,39.69,0.56,0.00
3109907,CAETANÓPOLIS - MG,156.039,683,186,9,22,2086,1901,40,17,2086,4944,42.19,30,ROMEU ZEMA,13.81,3.76,0.18,0.44,42.19,38.45,0.81,0.34
3110004,CAETÉ - MG,542.531,3207,1096,33,133,6186,9602,296,52,9602,20605,46.60,45,ANTONIO ANASTASIA,15.56,5.32,0.16,0.65,30.02,46.60,1.44,0.25
3110103,CAIANA - MG,106.465,605,925,2,3,496,435,9,1,925,2476,37.36,15,ADALCLEVER LOPES,24.43,37.36,0.08,0.12,20.03,17.57,0.36,0.04
3110202,CAJURI - MG,83.03799999999998,776,52,0,6,754,1116,18,1,1116,2723,40.98,45,ANTONIO ANASTASIA,28.50,1.91,0.00,0.22,27.69,40.98,0.66,0.04
3110301,CALDAS - MG,711.414,893,47,5,13,2914,2982,33,4,2982,6891,43.27,45,ANTONIO ANASTASIA,12.96,0.68,0.07,0.19,42.29,43.27,0.48,0.06
3110400,CAMACHO - MG,223.001,427,28,1,7,488,1053,12,1,1053,2017,52.21,45,ANTONIO ANASTASIA,21.17,1.39,0.05,0.35,24.19,52.21,0.59,0.05
3110509,CAMANDUCAIA - MG,528.688,1440,91,8,25,3931,3933,78,1,3933,9507,41.37,45,ANTONIO ANASTASIA,15.15,0.96,0.08,0.26,41.35,41.37,0.82,0.01
3110608,CAMBUÍ - MG,244.567,1710,188,6,51,5722,3979,266,24,5722,11946,47.90,30,ROMEU ZEMA,14.31,1.57,0.05,0.43,47.90,33.31,2.23,0.20
3110707,CAMBUQUIRA - MG,246.38,865,60,3,32,2218,2974,52,1,2974,6205,47.93,45,ANTONIO ANASTASIA,13.94,0.97,0.05,0.52,35.75,47.93,0.84,0.02
3110806,CAMPANÁRIO - MG,442.398,664,21,0,5,453,864,4,1,864,2012,42.94,45,ANTONIO ANASTASIA,33.00,1.04,0.00,0.25,22.51,42.94,0.20,0.05
3110905,CAMPANHA - MG,335.587,1014,77,3,27,3628,2656,64,4,3628,7473,48.55,30,ROMEU ZEMA,13.57,1.03,0.04,0.36,48.55,35.54,0.86,0.05
3111002,CAMPESTRE - MG,577.843,1056,88,6,33,4780,4554,67,6,4780,10590,45.14,30,ROMEU ZEMA,9.97,0.83,0.06,0.31,45.14,43.00,0.63,0.06
3111101,CAMPINA VERDE - MG,3650.749,1846,52,1,18,5533,2025,34,5,5533,9514,58.16,30,ROMEU ZEMA,19.40,0.55,0.01,0.19,58.16,21.28,0.36,0.05
3111150,CAMPO AZUL - MG,505.914,1353,40,2,4,427,548,7,1,1353,2382,56.80,13,FERNANDO PIMENTEL,56.80,1.68,0.08,0.17,17.93,23.01,0.29,0.04
3111200,CAMPO BELO - MG,528.225,2771,1394,23,72,12567,5662,156,20,12567,22665,55.45,30,ROMEU ZEMA,12.23,6.15,0.10,0.32,55.45,24.98,0.69,0.09
3111309,CAMPO DO MEIO - MG,275.426,2184,40,1,6,2218,1818,14,0,2218,6281,35.31,30,ROMEU ZEMA,34.77,0.64,0.02,0.10,35.31,28.94,0.22,0.00
3111408,CAMPO FLORIDO - MG,1264.245,767,19,8,6,2081,950,11,2,2081,3844,54.14,30,ROMEU ZEMA,19.95,0.49,0.21,0.16,54.14,24.71,0.29,0.05
3111507,CAMPOS ALTOS - MG,710.645,778,32,0,7,3693,1511,12,12,3693,6045,61.09,30,ROMEU ZEMA,12.87,0.53,0.00,0.12,61.09,25.00,0.20,0.20
3111606,CAMPOS GERAIS - MG,769.504,2071,167,12,21,6471,3382,49,9,6471,12182,53.12,30,ROMEU ZEMA,17.00,1.37,0.10,0.17,53.12,27.76,0.40,0.07
3111705,CANAÃ - MG,174.9,1245,39,1,4,572,968,36,5,1245,2870,43.38,13,FERNANDO PIMENTEL,43.38,1.36,0.03,0.14,19.93,33.73,1.25,0.17
3111804,CANÁPOLIS - MG,843.599,1574,41,0,14,2605,1082,51,3,2605,5370,48.51,30,ROMEU ZEMA,29.31,0.76,0.00,0.26,48.51,20.15,0.95,0.06
3111903,CANA VERDE - MG,212.721,777,108,1,8,1238,918,5,1,1238,3056,40.51,30,ROMEU ZEMA,25.43,3.53,0.03,0.26,40.51,30.04,0.16,0.03
3112000,CANDEIAS - MG,720.512,1168,69,4,17,2925,2046,42,8,2925,6279,46.58,30,ROMEU ZEMA,18.60,1.10,0.06,0.27,46.58,32.58,0.67,0.13
3112059,CANTAGALO - MG,141.855,638,39,2,4,384,982,4,2,982,2055,47.79,45,ANTONIO ANASTASIA,31.05,1.90,0.10,0.19,18.69,47.79,0.19,0.10
3112109,CAPARAÓ - MG,130.694,911,27,1,8,1044,783,11,0,1044,2785,37.49,30,ROMEU ZEMA,32.71,0.97,0.04,0.29,37.49,28.11,0.39,0.00
3112208,CAPELA NOVA - MG,111.073,747,38,6,4,749,820,19,1,820,2384,34.40,45,ANTONIO ANASTASIA,31.33,1.59,0.25,0.17,31.42,34.40,0.80,0.04
3112307,CAPELINHA - MG,965.292,5010,135,7,49,6487,4233,48,21,6487,15990,40.57,30,ROMEU ZEMA,31.33,0.84,0.04,0.31,40.57,26.47,0.30,0.13
3112406,CAPETINGA - MG,297.937,624,38,2,14,1232,1215,15,3,1232,3143,39.20,30,ROMEU ZEMA,19.85,1.21,0.06,0.45,39.20,38.66,0.48,0.10
3112505,CAPIM BRANCO - MG,95.333,664,335,4,44,1802,2062,25,3,2062,4939,41.75,45,ANTONIO ANASTASIA,13.44,6.78,0.08,0.89,36.49,41.75,0.51,0.06
3112604,CAPINÓPOLIS - MG,620.716,2070,66,4,6,4063,1524,19,6,4063,7758,52.37,30,ROMEU ZEMA,26.68,0.85,0.05,0.08,52.37,19.64,0.24,0.08
3112653,CAPITÃO ANDRADE - MG,279.088,590,63,2,3,927,851,5,1,927,2442,37.96,30,ROMEU ZEMA,24.16,2.58,0.08,0.12,37.96,34.85,0.20,0.04
3112703,CAPITÃO ENÉAS - MG,971.576,3573,64,1,12,1490,2733,24,0,3573,7897,45.25,13,FERNANDO PIMENTEL,45.25,0.81,0.01,0.15,18.87,34.61,0.30,0.00
3112802,CAPITÓLIO - MG,521.802,936,46,4,23,1956,1336,28,4,1956,4333,45.14,30,ROMEU ZEMA,21.60,1.06,0.09,0.53,45.14,30.83,0.65,0.09
3112901,CAPUTIRA - MG,187.704,2232,93,3,8,1203,1446,21,5,2232,5011,44.54,13,FERNANDO PIMENTEL,44.54,1.86,0.06,0.16,24.01,28.86,0.42,0.10
3113008,CARAÍ - MG,1242.345,4812,79,10,31,1094,1720,21,12,4812,7779,61.86,13,FERNANDO PIMENTEL,61.86,1.02,0.13,0.40,14.06,22.11,0.27,0.15
3113107,CARANAÍBA - MG,159.95,520,27,1,4,492,786,3,1,786,1834,42.86,45,ANTONIO ANASTASIA,28.35,1.47,0.05,0.22,26.83,42.86,0.16,0.05
3113206,CARANDAÍ - MG,487.28,2904,180,13,43,4600,2999,89,13,4600,10841,42.43,30,ROMEU ZEMA,26.79,1.66,0.12,0.40,42.43,27.66,0.82,0.12
3113305,CARANGOLA - MG,353.404,4360,422,6,73,5911,3456,127,31,5911,14386,41.09,30,ROMEU ZEMA,30.31,2.93,0.04,0.51,41.09,24.02,0.88,0.22
3113404,CARATINGA - MG,1258.479,7770,2609,32,952,13018,10099,297,44,13018,34821,37.39,30,ROMEU ZEMA,22.31,7.49,0.09,2.73,37.39,29.00,0.85,0.13
3113503,CARBONITA - MG,1456.095,2159,72,2,5,664,1663,17,1,2159,4583,47.11,13,FERNANDO PIMENTEL,47.11,1.57,0.04,0.11,14.49,36.29,0.37,0.02
3113602,CAREAÇU - MG,181.009,590,32,4,4,1176,1438,12,10,1438,3266,44.03,45,ANTONIO ANASTASIA,18.06,0.98,0.12,0.12,36.01,44.03,0.37,0.31
3113701,CARLOS CHAGAS - MG,3202.984,3097,110,3,15,1884,3774,46,7,3774,8936,42.23,45,ANTONIO ANASTASIA,34.66,1.23,0.03,0.17,21.08,42.23,0.51,0.08
3113800,CARMÉSIA - MG,259.103,388,13,0,2,167,719,3,1,719,1293,55.61,45,ANTONIO ANASTASIA,30.01,1.01,0.00,0.15,12.92,55.61,0.23,0.08
3113909,CARMO DA CACHOEIRA - MG,506.333,1283,104,4,25,1818,2361,54,1,2361,5650,41.79,45,ANTONIO ANASTASIA,22.71,1.84,0.07,0.44,32.18,41.79,0.96,0.02
3114006,CARMO DA MATA - MG,357.178,932,52,6,24,2851,1916,97,1,2851,5879,48.49,30,ROMEU ZEMA,15.85,0.88,0.10,0.41,48.49,32.59,1.65,0.02
3114105,CARMO DE MINAS - MG,322.285,918,74,6,20,2193,3016,32,6,3016,6265,48.14,45,ANTONIO ANASTASIA,14.65,1.18,0.10,0.32,35.00,48.14,0.51,0.10
3114204,CARMO DO CAJURU - MG,455.808,1898,192,7,53,7085,2140,85,19,7085,11479,61.72,30,ROMEU ZEMA,16.53,1.67,0.06,0.46,61.72,18.64,0.74,0.17
3114303,CARMO DO PARANAÍBA - MG,1307.862,1047,128,1,43,7388,4396,40,7,7388,13050,56.61,30,ROMEU ZEMA,8.02,0.98,0.01,0.33,56.61,33.69,0.31,0.05
3114402,CARMO DO RIO CLARO - MG,1065.685,1289,70,1,28,5718,2989,55,51,5718,10201,56.05,30,ROMEU ZEMA,12.64,0.69,0.01,0.27,56.05,29.30,0.54,0.50
3114501,CARMÓPOLIS DE MINAS - MG,400.01,1202,87,14,30,3917,3090,58,8,3917,8406,46.60,30,ROMEU ZEMA,14.30,1.03,0.17,0.36,46.60,36.76,0.69,0.10
3114550,CARNEIRINHO - MG,2063.462,1399,60,0,6,2899,931,12,2,2899,5309,54.61,30,ROMEU ZEMA,26.35,1.13,0.00,0.11,54.61,17.54,0.23,0.04
3114600,CARRANCAS - MG,727.894,430,24,3,31,578,1109,7,3,1109,2185,50.76,45,ANTONIO ANASTASIA,19.68,1.10,0.14,1.42,26.45,50.76,0.32,0.14
3114709,CARVALHÓPOLIS - MG,81.101,500,5,1,7,791,763,9,3,791,2079,38.05,30,ROMEU ZEMA,24.05,0.24,0.05,0.34,38.05,36.70,0.43,0.14
3114808,CARVALHOS - MG,282.254,308,29,2,5,656,1278,4,1,1278,2283,55.98,45,ANTONIO ANASTASIA,13.49,1.27,0.09,0.22,28.73,55.98,0.18,0.04
3114907,CASA GRANDE - MG,157.727,379,44,2,6,558,667,7,0,667,1663,40.11,45,ANTONIO ANASTASIA,22.79,2.65,0.12,0.36,33.55,40.11,0.42,0.00
3115003,CASCALHO RICO - MG,367.308,364,18,0,4,994,631,9,2,994,2022,49.16,30,ROMEU ZEMA,18.00,0.89,0.00,0.20,49.16,31.21,0.45,0.10
3115102,CÁSSIA - MG,665.802,1574,100,1,40,3705,2501,66,22,3705,8009,46.26,30,ROMEU ZEMA,19.65,1.25,0.01,0.50,46.26,31.23,0.82,0.27
3115201,CONCEIÇÃO DA BARRA DE MINAS - MG,273.014,483,36,77,5,551,1145,13,3,1145,2313,49.50,45,ANTONIO ANASTASIA,20.88,1.56,3.33,0.22,23.82,49.50,0.56,0.13
3115300,CATAGUASES - MG,491.767,10758,565,57,171,13094,7526,399,43,13094,32613,40.15,30,ROMEU ZEMA,32.99,1.73,0.17,0.52,40.15,23.08,1.22,0.13
3115359,CATAS ALTAS - MG,240.042,613,54,3,37,1157,795,42,5,1157,2706,42.76,30,ROMEU ZEMA,22.65,2.00,0.11,1.37,42.76,29.38,1.55,0.18
3115409,CATAS ALTAS DA NORUEGA - MG,141.622,673,39,2,10,563,1104,12,3,1104,2406,45.89,45,ANTONIO ANASTASIA,27.97,1.62,0.08,0.42,23.40,45.89,0.50,0.12
3115458,CATUJI - MG,419.38,2880,40,0,5,528,1130,10,2,2880,4595,62.68,13,FERNANDO PIMENTEL,62.68,0.87,0.00,0.11,11.49,24.59,0.22,0.04
3115474,CATUTI - MG,287.812,1526,19,6,17,374,835,0,1,1526,2778,54.93,13,FERNANDO PIMENTEL,54.93,0.68,0.22,0.61,13.46,30.06,0.00,0.04
3115508,CAXAMBU - MG,100.483,1713,152,5,54,4380,4051,145,11,4380,10511,41.67,30,ROMEU ZEMA,16.30,1.45,0.05,0.51,41.67,38.54,1.38,0.10
3115607,CEDRO DO ABAETÉ - MG,283.211,32,12,0,1,265,385,0,2,385,697,55.24,45,ANTONIO ANASTASIA,4.59,1.72,0.00,0.14,38.02,55.24,0.00,0.29
3115706,CENTRAL DE MINAS - MG,204.328,1066,44,1,8,1222,1226,13,9,1226,3589,34.16,45,ANTONIO ANASTASIA,29.70,1.23,0.03,0.22,34.05,34.16,0.36,0.25
3115805,CENTRALINA - MG,322.385,1474,41,1,9,1309,1677,15,2,1677,4528,37.04,45,ANTONIO ANASTASIA,32.55,0.91,0.02,0.20,28.91,37.04,0.33,0.04
3115904,CHÁCARA - MG,152.807,612,24,1,1,634,603,25,4,634,1904,33.30,30,ROMEU ZEMA,32.14,1.26,0.05,0.05,33.30,31.67,1.31,0.21
3116001,CHALÉ - MG,212.674,1187,120,0,5,1030,833,3,1,1187,3179,37.34,13,FERNANDO PIMENTEL,37.34,3.77,0.00,0.16,32.40,26.20,0.09,0.03
3116100,CHAPADA DO NORTE - MG,830.8329999999999,3121,34,1,4,355,1380,8,3,3121,4906,63.62,13,FERNANDO PIMENTEL,63.62,0.69,0.02,0.08,7.24,28.13,0.16,0.06
3116159,CHAPADA GAÚCHA - MG,3255.189,3066,37,0,5,986,1166,5,3,3066,5268,58.20,13,FERNANDO PIMENTEL,58.20,0.70,0.00,0.09,18.72,22.13,0.09,0.06
3116209,CHIADOR - MG,252.852,202,36,2,6,267,1265,22,5,1265,1805,70.08,45,ANTONIO ANASTASIA,11.19,1.99,0.11,0.33,14.79,70.08,1.22,0.28
3116308,CIPOTÂNEA - MG,153.479,808,48,2,3,689,954,13,1,954,2518,37.89,45,ANTONIO ANASTASIA,32.09,1.91,0.08,0.12,27.36,37.89,0.52,0.04
3116407,CLARAVAL - MG,227.627,335,27,2,6,554,2072,20,3,2072,3019,68.63,45,ANTONIO ANASTASIA,11.10,0.89,0.07,0.20,18.35,68.63,0.66,0.10
3116506,CLARO DOS POÇÕES - MG,720.424,1519,52,1,10,1408,1584,10,3,1584,4587,34.53,45,ANTONIO ANASTASIA,33.12,1.13,0.02,0.22,30.70,34.53,0.22,0.07
3116605,CLÁUDIO - MG,630.706,1070,166,10,37,7159,4470,123,14,7159,13049,54.86,30,ROMEU ZEMA,8.20,1.27,0.08,0.28,54.86,34.26,0.94,0.11
3116704,COIMBRA - MG,106.875,1091,85,6,9,1433,1008,35,13,1433,3680,38.94,30,ROMEU ZEMA,29.65,2.31,0.16,0.24,38.94,27.39,0.95,0.35
3116803,COLUNA - MG,348.492,1850,44,1,6,758,942,20,5,1850,3626,51.02,13,FERNANDO PIMENTEL,51.02,1.21,0.03,0.17,20.90,25.98,0.55,0.14
3116902,COMENDADOR GOMES - MG,1041.047,261,13,0,0,891,483,4,1,891,1653,53.90,30,ROMEU ZEMA,15.79,0.79,0.00,0.00,53.90,29.22,0.24,0.06
3117009,COMERCINHO - MG,654.961,2505,25,0,12,425,934,33,0,2505,3934,63.68,13,FERNANDO PIMENTEL,63.68,0.64,0.00,0.31,10.80,23.74,0.84,0.00
3117108,CONCEIÇÃO DA APARECIDA - MG,352.521,778,24,5,13,3047,1437,32,2,3047,5338,57.08,30,ROMEU ZEMA,14.57,0.45,0.09,0.24,57.08,26.92,0.60,0.04
3117207,CONCEIÇÃO DAS PEDRAS - MG,102.206,540,9,0,13,486,640,1,0,640,1689,37.89,45,ANTONIO ANASTASIA,31.97,0.53,0.00,0.77,28.77,37.89,0.06,0.00
3117306,CONCEIÇÃO DAS ALAGOAS - MG,1340.25,2896,82,4,16,7575,1463,25,12,7575,12073,62.74,30,ROMEU ZEMA,23.99,0.68,0.03,0.13,62.74,12.12,0.21,0.10
3117405,CONCEIÇÃO DE IPANEMA - MG,253.935,1351,34,1,5,463,739,7,1,1351,2601,51.94,13,FERNANDO PIMENTEL,51.94,1.31,0.04,0.19,17.80,28.41,0.27,0.04
3117504,CONCEIÇÃO DO MATO DENTRO - MG,1720.04,4383,199,6,23,1890,2264,92,68,4383,8925,49.11,13,FERNANDO PIMENTEL,49.11,2.23,0.07,0.26,21.18,25.37,1.03,0.76
3117603,CONCEIÇÃO DO PARÁ - MG,250.306,210,49,3,18,1714,1073,19,4,1714,3090,55.47,30,ROMEU ZEMA,6.80,1.59,0.10,0.58,55.47,34.72,0.61,0.13
3117702,CONCEIÇÃO DO RIO VERDE - MG,369.681,946,55,3,10,2148,3253,28,2,3253,6445,50.47,45,ANTONIO ANASTASIA,14.68,0.85,0.05,0.16,33.33,50.47,0.43,0.03
3117801,CONCEIÇÃO DOS OUROS - MG,180.236,406,877,5,6,2499,1691,36,2,2499,5522,45.26,30,ROMEU ZEMA,7.35,15.88,0.09,0.11,45.26,30.62,0.65,0.04
3117836,CÔNEGO MARINHO - MG,1610.47,2555,29,2,13,388,807,3,1,2555,3798,67.27,13,FERNANDO PIMENTEL,67.27,0.76,0.05,0.34,10.22,21.25,0.08,0.03
3117876,CONFINS - MG,42.355,559,141,5,31,1551,1754,59,12,1754,4112,42.66,45,ANTONIO ANASTASIA,13.59,3.43,0.12,0.75,37.72,42.66,1.43,0.29
3117900,CONGONHAL - MG,205.125,579,96,4,35,2504,2524,34,1,2524,5777,43.69,45,ANTONIO ANASTASIA,10.02,1.66,0.07,0.61,43.34,43.69,0.59,0.02
3118007,CONGONHAS - MG,304.067,4346,749,215,157,11941,6029,436,90,11941,23963,49.83,30,ROMEU ZEMA,18.14,3.13,0.90,0.66,49.83,25.16,1.82,0.38
3118106,CONGONHAS DO NORTE - MG,405.671,661,20,0,3,273,1171,7,8,1171,2143,54.64,45,ANTONIO ANASTASIA,30.84,0.93,0.00,0.14,12.74,54.64,0.33,0.37
3118205,CONQUISTA - MG,618.363,468,19,1,3,2007,910,25,1,2007,3434,58.44,30,ROMEU ZEMA,13.63,0.55,0.03,0.09,58.44,26.50,0.73,0.03
3118304,CONSELHEIRO LAFAIETE - MG,370.246,14689,1532,131,318,27073,12577,975,124,27073,57419,47.15,30,ROMEU ZEMA,25.58,2.67,0.23,0.55,47.15,21.90,1.70,0.22
3118403,CONSELHEIRO PENA - MG,1483.883,2776,511,4,135,4545,2311,27,5,4545,10314,44.07,30,ROMEU ZEMA,26.91,4.95,0.04,1.31,44.07,22.41,0.26,0.05
3118502,CONSOLAÇÃO - MG,89.122,119,14,0,0,257,719,3,0,719,1112,64.66,45,ANTONIO ANASTASIA,10.70,1.26,0.00,0.00,23.11,64.66,0.27,0.00
3118601,CONTAGEM - MG,194.746,48829,14906,808,3637,135937,66041,6526,983,135937,277667,48.96,30,ROMEU ZEMA,17.59,5.37,0.29,1.31,48.96,23.78,2.35,0.35
3118700,COQUEIRAL - MG,296.163,820,29,1,7,2392,1557,28,5,2392,4839,49.43,30,ROMEU ZEMA,16.95,0.60,0.02,0.14,49.43,32.18,0.58,0.10
3118809,CORAÇÃO DE JESUS - MG,2225.216,6769,133,0,28,3472,2517,36,5,6769,12960,52.23,13,FERNANDO PIMENTEL,52.23,1.03,0.00,0.22,26.79,19.42,0.28,0.04
3118908,CORDISBURGO - MG,823.654,1171,117,2,5,1019,2116,24,5,2116,4459,47.45,45,ANTONIO ANASTASIA,26.26,2.62,0.04,0.11,22.85,47.45,0.54,0.11
3119005,CORDISLÂNDIA - MG,179.543,271,5,1,2,228,1363,4,9,1363,1883,72.38,45,ANTONIO ANASTASIA,14.39,0.27,0.05,0.11,12.11,72.38,0.21,0.48
3119104,CORINTO - MG,2525.397,3180,435,9,32,3690,3566,55,10,3690,10977,33.62,30,ROMEU ZEMA,28.97,3.96,0.08,0.29,33.62,32.49,0.50,0.09
3119203,COROACI - MG,576.274,1927,84,3,3,1256,1649,13,3,1927,4938,39.02,13,FERNANDO PIMENTEL,39.02,1.70,0.06,0.06,25.44,33.39,0.26,0.06
3119302,COROMANDEL - MG,3313.313,1506,129,6,25,10346,2819,66,5,10346,14902,69.43,30,ROMEU ZEMA,10.11,0.87,0.04,0.17,69.43,18.92,0.44,0.03
3119401,CORONEL FABRICIANO - MG,221.252,10559,1041,59,248,21730,14532,519,82,21730,48770,44.56,30,ROMEU ZEMA,21.65,2.13,0.12,0.51,44.56,29.80,1.06,0.17
3119500,CORONEL MURTA - MG,815.413,2415,24,0,6,537,1333,3,3,2415,4321,55.89,13,FERNANDO PIMENTEL,55.89,0.56,0.00,0.14,12.43,30.85,0.07,0.07
3119609,CORONEL PACHECO - MG,131.511,393,40,6,4,652,578,14,0,652,1687,38.65,30,ROMEU ZEMA,23.30,2.37,0.36,0.24,38.65,34.26,0.83,0.00
3119708,CORONEL XAVIER CHAVES - MG,140.954,436,30,23,13,440,751,29,2,751,1724,43.56,45,ANTONIO ANASTASIA,25.29,1.74,1.33,0.75,25.52,43.56,1.68,0.12
3119807,CÓRREGO DANTA - MG,657.425,342,17,2,2,980,533,5,3,980,1884,52.02,30,ROMEU ZEMA,18.15,0.90,0.11,0.11,52.02,28.29,0.27,0.16
3119906,CÓRREGO DO BOM JESUS - MG,123.651,285,36,1,5,872,1168,15,3,1168,2385,48.97,45,ANTONIO ANASTASIA,11.95,1.51,0.04,0.21,36.56,48.97,0.63,0.13
3119955,CÓRREGO FUNDO - MG,101.112,319,36,3,7,1933,638,31,6,1933,2973,65.02,30,ROMEU ZEMA,10.73,1.21,0.10,0.24,65.02,21.46,1.04,0.20
3120003,CÓRREGO NOVO - MG,205.385,653,39,0,6,370,928,4,5,928,2005,46.28,45,ANTONIO ANASTASIA,32.57,1.95,0.00,0.30,18.45,46.28,0.20,0.25
3120102,COUTO DE MAGALHÃES DE MINAS - MG,485.654,1112,38,3,24,368,558,11,7,1112,2121,52.43,13,FERNANDO PIMENTEL,52.43,1.79,0.14,1.13,17.35,26.31,0.52,0.33
3120151,CRISÓLITA - MG,966.2020000000001,1726,31,0,9,337,850,4,0,1726,2957,58.37,13,FERNANDO PIMENTEL,58.37,1.05,0.00,0.30,11.40,28.75,0.14,0.00
3120201,CRISTAIS - MG,628.434,1009,64,3,7,2379,1092,16,9,2379,4579,51.95,30,ROMEU ZEMA,22.04,1.40,0.07,0.15,51.95,23.85,0.35,0.20
3120300,CRISTÁLIA - MG,840.702,1556,88,0,4,341,985,8,0,1556,2982,52.18,13,FERNANDO PIMENTEL,52.18,2.95,0.00,0.13,11.44,33.03,0.27,0.00
3120409,CRISTIANO OTONI - MG,132.872,646,45,2,5,1019,734,13,1,1019,2465,41.34,30,ROMEU ZEMA,26.21,1.83,0.08,0.20,41.34,29.78,0.53,0.04
3120508,CRISTINA - MG,311.33,406,42,4,19,1479,2999,46,2,2999,4997,60.02,45,ANTONIO ANASTASIA,8.12,0.84,0.08,0.38,29.60,60.02,0.92,0.04
3120607,CRUCILÂNDIA - MG,167.164,421,71,2,16,1068,1511,17,5,1511,3111,48.57,45,ANTONIO ANASTASIA,13.53,2.28,0.06,0.51,34.33,48.57,0.55,0.16
3120706,CRUZEIRO DA FORTALEZA - MG,187.446,206,6,0,2,1670,810,2,5,1670,2701,61.83,30,ROMEU ZEMA,7.63,0.22,0.00,0.07,61.83,29.99,0.07,0.19
3120805,CRUZÍLIA - MG,522.419,1728,41,3,10,3713,2290,40,4,3713,7829,47.43,30,ROMEU ZEMA,22.07,0.52,0.04,0.13,47.43,29.25,0.51,0.05
3120839,CUPARAQUE - MG,226.75,273,146,0,3,1083,1254,6,1,1254,2766,45.34,45,ANTONIO ANASTASIA,9.87,5.28,0.00,0.11,39.15,45.34,0.22,0.04
3120870,CURRAL DE DENTRO - MG,570.95,1093,19,4,3,631,1691,3,3,1691,3447,49.06,45,ANTONIO ANASTASIA,31.71,0.55,0.12,0.09,18.31,49.06,0.09,0.09
3120904,CURVELO - MG,3296.2,8472,769,21,155,11390,13657,281,21,13657,34766,39.28,45,ANTONIO ANASTASIA,24.37,2.21,0.06,0.45,32.76,39.28,0.81,0.06
3121001,DATAS - MG,310.099,1020,35,1,4,267,1258,15,1,1258,2601,48.37,45,ANTONIO ANASTASIA,39.22,1.35,0.04,0.15,10.27,48.37,0.58,0.04
3121100,DELFIM MOREIRA - MG,408.473,855,28,1,16,1350,1978,56,3,1978,4287,46.14,45,ANTONIO ANASTASIA,19.94,0.65,0.02,0.37,31.49,46.14,1.31,0.07
3121209,DELFINÓPOLIS - MG,1378.423,466,39,2,17,1145,1876,4,1,1876,3550,52.85,45,ANTONIO ANASTASIA,13.13,1.10,0.06,0.48,32.25,52.85,0.11,0.03
3121258,DELTA - MG,102.784,1040,41,0,39,1161,1068,21,3,1161,3373,34.42,30,ROMEU ZEMA,30.83,1.22,0.00,1.16,34.42,31.66,0.62,0.09
3121308,DESCOBERTO - MG,213.168,427,33,5,8,1490,798,38,2,1490,2801,53.20,30,ROMEU ZEMA,15.24,1.18,0.18,0.29,53.20,28.49,1.36,0.07
3121407,DESTERRO DE ENTRE RIOS - MG,377.165,513,74,9,10,1203,1584,13,7,1584,3413,46.41,45,ANTONIO ANASTASIA,15.03,2.17,0.26,0.29,35.25,46.41,0.38,0.21
3121506,DESTERRO DO MELO - MG,142.279,645,12,1,4,435,1045,9,1,1045,2152,48.56,45,ANTONIO ANASTASIA,29.97,0.56,0.05,0.19,20.21,48.56,0.42,0.05
3121605,DIAMANTINA - MG,3891.659,8047,882,12,119,5799,6168,291,24,8047,21342,37.70,13,FERNANDO PIMENTEL,37.70,4.13,0.06,0.56,27.17,28.90,1.36,0.11
3121704,DIOGO DE VASCONCELOS - MG,165.091,630,38,0,9,331,1443,12,2,1443,2465,58.54,45,ANTONIO ANASTASIA,25.56,1.54,0.00,0.37,13.43,58.54,0.49,0.08
3121803,DIONÍSIO - MG,339.375,1383,87,6,11,1109,1181,18,8,1383,3803,36.37,13,FERNANDO PIMENTEL,36.37,2.29,0.16,0.29,29.16,31.05,0.47,0.21
3121902,DIVINÉSIA - MG,116.97,833,22,2,11,647,1201,33,2,1201,2751,43.66,45,ANTONIO ANASTASIA,30.28,0.80,0.07,0.40,23.52,43.66,1.20,0.07
3122009,DIVINO - MG,337.776,4390,81,6,29,2755,2174,30,6,4390,9471,46.35,13,FERNANDO PIMENTEL,46.35,0.86,0.06,0.31,29.09,22.95,0.32,0.06
3122108,DIVINO DAS LARANJEIRAS - MG,342.249,823,53,0,2,1213,676,3,4,1213,2774,43.73,30,ROMEU ZEMA,29.67,1.91,0.00,0.07,43.73,24.37,0.11,0.14
3122207,DIVINOLÂNDIA DE MINAS - MG,133.12,994,50,0,3,904,1370,9,0,1370,3330,41.14,45,ANTONIO ANASTASIA,29.85,1.50,0.00,0.09,27.15,41.14,0.27,0.00
3122306,DIVINÓPOLIS - MG,708.115,14635,2175,142,476,73524,15147,1507,139,73524,107745,68.24,30,ROMEU ZEMA,13.58,2.02,0.13,0.44,68.24,14.06,1.40,0.13
3122355,DIVISA ALEGRE - MG,117.802,645,66,0,6,544,1327,9,3,1327,2600,51.04,45,ANTONIO ANASTASIA,24.81,2.54,0.00,0.23,20.92,51.04,0.35,0.12
3122405,DIVISA NOVA - MG,216.955,1082,17,0,7,1180,1039,12,9,1180,3346,35.27,30,ROMEU ZEMA,32.34,0.51,0.00,0.21,35.27,31.05,0.36,0.27
3122454,DIVISÓPOLIS - MG,572.926,1647,22,0,4,257,2081,8,0,2081,4019,51.78,45,ANTONIO ANASTASIA,40.98,0.55,0.00,0.10,6.39,51.78,0.20,0.00
3122470,DOM BOSCO - MG,817.383,383,25,1,1,810,882,2,6,882,2110,41.80,45,ANTONIO ANASTASIA,18.15,1.18,0.05,0.05,38.39,41.80,0.09,0.28
3122504,DOM CAVATI - MG,59.52,774,19,0,3,1121,961,19,3,1121,2900,38.66,30,ROMEU ZEMA,26.69,0.66,0.00,0.10,38.66,33.14,0.66,0.10
3122603,DOM JOAQUIM - MG,398.793,722,50,1,6,441,1010,13,1,1010,2244,45.01,45,ANTONIO ANASTASIA,32.17,2.23,0.04,0.27,19.65,45.01,0.58,0.04
3122702,DOM SILVÉRIO - MG,194.972,771,104,0,15,862,798,23,0,862,2573,33.50,30,ROMEU ZEMA,29.97,4.04,0.00,0.58,33.50,31.01,0.89,0.00
3122801,DOM VIÇOSO - MG,113.921,193,28,0,2,786,905,8,4,905,1926,46.99,45,ANTONIO ANASTASIA,10.02,1.45,0.00,0.10,40.81,46.99,0.42,0.21
3122900,DONA EUZÉBIA - MG,70.231,1056,30,6,13,1418,1260,26,5,1418,3814,37.18,30,ROMEU ZEMA,27.69,0.79,0.16,0.34,37.18,33.04,0.68,0.13
3123007,DORES DE CAMPOS - MG,124.842,607,66,4,12,3089,1023,30,4,3089,4835,63.89,30,ROMEU ZEMA,12.55,1.37,0.08,0.25,63.89,21.16,0.62,0.08
3123106,DORES DE GUANHÃES - MG,382.124,1471,16,3,3,551,862,8,6,1471,2920,50.38,13,FERNANDO PIMENTEL,50.38,0.55,0.10,0.10,18.87,29.52,0.27,0.21
3123205,DORES DO INDAIÁ - MG,1111.202,704,208,1,12,3837,2017,40,20,3837,6839,56.10,30,ROMEU ZEMA,10.29,3.04,0.01,0.18,56.10,29.49,0.58,0.29
3123304,DORES DO TURVO - MG,231.169,1060,9,1,6,823,1285,20,9,1285,3213,39.99,45,ANTONIO ANASTASIA,32.99,0.28,0.03,0.19,25.61,39.99,0.62,0.28
3123403,DORESÓPOLIS - MG,152.912,340,12,0,0,391,331,4,1,391,1079,36.24,30,ROMEU ZEMA,31.51,1.11,0.00,0.00,36.24,30.68,0.37,0.09
3123502,DOURADOQUARA - MG,312.878,292,25,0,2,544,350,4,0,544,1217,44.70,30,ROMEU ZEMA,23.99,2.05,0.00,0.16,44.70,28.76,0.33,0.00
3123528,DURANDÉ - MG,217.461,2054,96,0,9,970,879,9,2,2054,4019,51.11,13,FERNANDO PIMENTEL,51.11,2.39,0.00,0.22,24.14,21.87,0.22,0.05
3123601,ELÓI MENDES - MG,499.537,1768,366,8,29,6325,4287,71,5,6325,12859,49.19,30,ROMEU ZEMA,13.75,2.85,0.06,0.23,49.19,33.34,0.55,0.04
3123700,ENGENHEIRO CALDAS - MG,187.058,1109,73,2,8,1414,2004,17,4,2004,4631,43.27,45,ANTONIO ANASTASIA,23.95,1.58,0.04,0.17,30.53,43.27,0.37,0.09
3123809,ENGENHEIRO NAVARRO - MG,608.306,1803,156,2,10,1069,705,6,2,1803,3753,48.04,13,FERNANDO PIMENTEL,48.04,4.16,0.05,0.27,28.48,18.78,0.16,0.05
3123858,ENTRE FOLHAS - MG,85.39,1004,606,3,18,815,844,8,0,1004,3298,30.44,13,FERNANDO PIMENTEL,30.44,18.37,0.09,0.55,24.71,25.59,0.24,0.00
3123908,ENTRE RIOS DE MINAS - MG,456.796,1889,153,17,176,2586,2433,110,17,2586,7381,35.04,30,ROMEU ZEMA,25.59,2.07,0.23,2.38,35.04,32.96,1.49,0.23
3124005,ERVÁLIA - MG,357.489,3902,102,6,17,2308,2724,115,4,3902,9178,42.51,13,FERNANDO PIMENTEL,42.51,1.11,0.07,0.19,25.15,29.68,1.25,0.04
3124104,ESMERALDAS - MG,909.751,7767,1708,64,247,9577,8843,317,37,9577,28560,33.53,30,ROMEU ZEMA,27.20,5.98,0.22,0.86,33.53,30.96,1.11,0.13
3124203,ESPERA FELIZ - MG,317.638,3510,188,8,30,4122,2531,46,5,4122,10440,39.48,30,ROMEU ZEMA,33.62,1.80,0.08,0.29,39.48,24.24,0.44,0.05
3124302,ESPINOSA - MG,1868.97,8454,353,5,19,2661,3753,63,8,8454,15316,55.20,13,FERNANDO PIMENTEL,55.20,2.30,0.03,0.12,17.37,24.50,0.41,0.05
3124401,ESPÍRITO SANTO DO DOURADO - MG,263.879,305,16,0,6,751,1878,14,0,1878,2970,63.23,45,ANTONIO ANASTASIA,10.27,0.54,0.00,0.20,25.29,63.23,0.47,0.00
3124500,ESTIVA - MG,243.872,732,53,5,29,2346,1910,86,2,2346,5163,45.44,30,ROMEU ZEMA,14.18,1.03,0.10,0.56,45.44,36.99,1.67,0.04
3124609,ESTRELA DALVA - MG,131.365,385,10,1,8,379,821,5,0,821,1609,51.03,45,ANTONIO ANASTASIA,23.93,0.62,0.06,0.50,23.56,51.03,0.31,0.00
3124708,ESTRELA DO INDAIÁ - MG,635.981,127,9,0,0,878,819,5,6,878,1844,47.61,30,ROMEU ZEMA,6.89,0.49,0.00,0.00,47.61,44.41,0.27,0.33
3124807,ESTRELA DO SUL - MG,822.4539999999998,685,20,2,8,1693,1009,13,6,1693,3436,49.27,30,ROMEU ZEMA,19.94,0.58,0.06,0.23,49.27,29.37,0.38,0.17
3124906,EUGENÓPOLIS - MG,309.395,1695,65,15,146,1527,1898,22,6,1898,5374,35.32,45,ANTONIO ANASTASIA,31.54,1.21,0.28,2.72,28.41,35.32,0.41,0.11
3125002,EWBANK DA CÂMARA - MG,103.834,1086,36,3,3,613,801,30,2,1086,2574,42.19,13,FERNANDO PIMENTEL,42.19,1.40,0.12,0.12,23.82,31.12,1.17,0.08
3125101,EXTREMA - MG,244.575,2356,263,19,90,5992,7204,187,16,7204,16127,44.67,45,ANTONIO ANASTASIA,14.61,1.63,0.12,0.56,37.16,44.67,1.16,0.10
3125200,FAMA - MG,86.024,399,11,0,3,807,577,6,0,807,1803,44.76,30,ROMEU ZEMA,22.13,0.61,0.00,0.17,44.76,32.00,0.33,0.00
3125309,FARIA LEMOS - MG,165.224,751,98,0,10,611,519,9,1,751,1999,37.57,13,FERNANDO PIMENTEL,37.57,4.90,0.00,0.50,30.57,25.96,0.45,0.05
3125408,FELÍCIO DOS SANTOS - MG,357.622,766,155,0,2,527,1130,3,3,1130,2586,43.70,45,ANTONIO ANASTASIA,29.62,5.99,0.00,0.08,20.38,43.70,0.12,0.12
3125507,SÃO GONÇALO DO RIO PRETO - MG,314.458,545,17,1,2,272,726,14,1,726,1578,46.01,45,ANTONIO ANASTASIA,34.54,1.08,0.06,0.13,17.24,46.01,0.89,0.06
3125606,FELISBURGO - MG,596.215,1885,16,3,7,308,874,3,4,1885,3100,60.81,13,FERNANDO PIMENTEL,60.81,0.52,0.10,0.23,9.94,28.19,0.10,0.13
3125705,FELIXLÂNDIA - MG,1554.627,1758,182,3,26,2710,2165,41,7,2710,6892,39.32,30,ROMEU ZEMA,25.51,2.64,0.04,0.38,39.32,31.41,0.59,0.10
3125804,FERNANDES TOURINHO - MG,151.875,213,362,1,3,488,574,3,1,574,1645,34.89,45,ANTONIO ANASTASIA,12.95,22.01,0.06,0.18,29.67,34.89,0.18,0.06
3125903,FERROS - MG,1088.791,2136,61,4,12,1019,1710,32,4,2136,4978,42.91,13,FERNANDO PIMENTEL,42.91,1.23,0.08,0.24,20.47,34.35,0.64,0.08
3125952,FERVEDOURO - MG,357.683,2678,42,3,16,1016,1339,5,1,2678,5100,52.51,13,FERNANDO PIMENTEL,52.51,0.82,0.06,0.31,19.92,26.25,0.10,0.02
3126000,FLORESTAL - MG,194.242,654,81,7,19,2045,1076,74,6,2045,3962,51.62,30,ROMEU ZEMA,16.51,2.04,0.18,0.48,51.62,27.16,1.87,0.15
3126109,FORMIGA - MG,1501.915,2990,500,22,110,20457,7484,340,25,20457,31928,64.07,30,ROMEU ZEMA,9.36,1.57,0.07,0.34,64.07,23.44,1.06,0.08
3126208,FORMOSO - MG,3686.004,1628,20,1,5,716,1475,3,7,1628,3855,42.23,13,FERNANDO PIMENTEL,42.23,0.52,0.03,0.13,18.57,38.26,0.08,0.18
3126307,FORTALEZA DE MINAS - MG,218.792,177,18,1,6,953,615,9,3,953,1782,53.48,30,ROMEU ZEMA,9.93,1.01,0.06,0.34,53.48,34.51,0.51,0.17
3126406,FORTUNA DE MINAS - MG,198.709,397,65,0,5,740,609,13,0,740,1829,40.46,30,ROMEU ZEMA,21.71,3.55,0.00,0.27,40.46,33.30,0.71,0.00
3126505,FRANCISCO BADARÓ - MG,461.481,1700,20,2,11,436,1642,6,4,1700,3821,44.49,13,FERNANDO PIMENTEL,44.49,0.52,0.05,0.29,11.41,42.97,0.16,0.10
3126604,FRANCISCO DUMONT - MG,1576.128,796,46,0,4,783,834,4,1,834,2468,33.79,45,ANTONIO ANASTASIA,32.25,1.86,0.00,0.16,31.73,33.79,0.16,0.04
3126703,FRANCISCO SÁ - MG,2747.295,5861,126,2,23,4708,1459,33,1,5861,12213,47.99,13,FERNANDO PIMENTEL,47.99,1.03,0.02,0.19,38.55,11.95,0.27,0.01
3126752,FRANCISCÓPOLIS - MG,717.087,1313,35,0,6,475,868,1,3,1313,2701,48.61,13,FERNANDO PIMENTEL,48.61,1.30,0.00,0.22,17.59,32.14,0.04,0.11
3126802,FREI GASPAR - MG,626.672,1772,36,0,7,290,909,3,2,1772,3019,58.69,13,FERNANDO PIMENTEL,58.69,1.19,0.00,0.23,9.61,30.11,0.10,0.07
3126901,FREI INOCÊNCIO - MG,469.557,1723,97,1,24,1245,1179,13,2,1723,4284,40.22,13,FERNANDO PIMENTEL,40.22,2.26,0.02,0.56,29.06,27.52,0.30,0.05
3126950,FREI LAGONEGRO - MG,167.474,454,47,1,3,323,1126,3,1,1126,1958,57.51,45,ANTONIO ANASTASIA,23.19,2.40,0.05,0.15,16.50,57.51,0.15,0.05
3127008,FRONTEIRA - MG,199.987,1422,73,3,14,2901,1384,32,14,2901,5843,49.65,30,ROMEU ZEMA,24.34,1.25,0.05,0.24,49.65,23.69,0.55,0.24
3127057,FRONTEIRA DOS VALES - MG,320.757,1694,28,0,3,198,496,8,0,1694,2427,69.80,13,FERNANDO PIMENTEL,69.80,1.15,0.00,0.12,8.16,20.44,0.33,0.00
3127073,FRUTA DE LEITE - MG,762.837,1755,58,1,8,258,537,10,1,1755,2628,66.78,13,FERNANDO PIMENTEL,66.78,2.21,0.04,0.30,9.82,20.43,0.38,0.04
3127107,FRUTAL - MG,2426.965,3328,231,16,40,15835,4093,176,59,15835,23778,66.60,30,ROMEU ZEMA,14.00,0.97,0.07,0.17,66.60,17.21,0.74,0.25
3127206,FUNILÂNDIA - MG,199.797,524,210,5,12,829,1195,23,20,1195,2818,42.41,45,ANTONIO ANASTASIA,18.59,7.45,0.18,0.43,29.42,42.41,0.82,0.71
3127305,GALILÉIA - MG,720.355,954,46,2,7,909,1212,10,110,1212,3250,37.29,45,ANTONIO ANASTASIA,29.35,1.42,0.06,0.22,27.97,37.29,0.31,3.38
3127339,GAMELEIRAS - MG,1733.203,1685,13,1,4,389,845,1,1,1685,2939,57.33,13,FERNANDO PIMENTEL,57.33,0.44,0.03,0.14,13.24,28.75,0.03,0.03
3127354,GLAUCILÂNDIA - MG,145.861,1170,41,0,7,513,695,11,0,1170,2437,48.01,13,FERNANDO PIMENTEL,48.01,1.68,0.00,0.29,21.05,28.52,0.45,0.00
3127370,GOIABEIRA - MG,112.443,354,33,4,17,597,911,7,2,911,1925,47.32,45,ANTONIO ANASTASIA,18.39,1.71,0.21,0.88,31.01,47.32,0.36,0.10
3127388,GOIANÁ - MG,152.039,498,38,3,12,745,1012,35,3,1012,2346,43.14,45,ANTONIO ANASTASIA,21.23,1.62,0.13,0.51,31.76,43.14,1.49,0.13
3127404,GONÇALVES - MG,187.353,186,20,0,7,599,1415,38,0,1415,2265,62.47,45,ANTONIO ANASTASIA,8.21,0.88,0.00,0.31,26.45,62.47,1.68,0.00
3127503,GONZAGA - MG,209.348,544,78,1,4,291,1510,6,1,1510,2435,62.01,45,ANTONIO ANASTASIA,22.34,3.20,0.04,0.16,11.95,62.01,0.25,0.04
3127602,GOUVEIA - MG,866.601,1139,1560,6,17,1527,1636,35,7,1636,5927,27.60,45,ANTONIO ANASTASIA,19.22,26.32,0.10,0.29,25.76,27.60,0.59,0.12
3127701,GOVERNADOR VALADARES - MG,2342.325,22804,3330,106,471,44752,47595,908,151,47595,120117,39.62,45,ANTONIO ANASTASIA,18.98,2.77,0.09,0.39,37.26,39.62,0.76,0.13
3127800,GRÃO MOGOL - MG,3885.294,3216,39,1,10,1122,2625,28,2,3216,7043,45.66,13,FERNANDO PIMENTEL,45.66,0.55,0.01,0.14,15.93,37.27,0.40,0.03
3127909,GRUPIARA - MG,193.141,113,2,0,2,301,634,4,0,634,1056,60.04,45,ANTONIO ANASTASIA,10.70,0.19,0.00,0.19,28.50,60.04,0.38,0.00
3128006,GUANHÃES - MG,1075.124,3775,283,15,56,4951,3651,100,40,4951,12871,38.47,30,ROMEU ZEMA,29.33,2.20,0.12,0.44,38.47,28.37,0.78,0.31
3128105,GUAPÉ - MG,934.345,1118,38,4,8,1730,3623,29,7,3623,6557,55.25,45,ANTONIO ANASTASIA,17.05,0.58,0.06,0.12,26.38,55.25,0.44,0.11
3128204,GUARACIABA - MG,348.596,2043,75,4,4,1051,1924,18,5,2043,5124,39.87,13,FERNANDO PIMENTEL,39.87,1.46,0.08,0.08,20.51,37.55,0.35,0.10
3128253,GUARACIAMA - MG,390.263,1844,48,0,6,579,863,8,1,1844,3349,55.06,13,FERNANDO PIMENTEL,55.06,1.43,0.00,0.18,17.29,25.77,0.24,0.03
3128303,GUARANÉSIA - MG,294.828,2318,182,4,26,3537,2666,104,19,3537,8856,39.94,30,ROMEU ZEMA,26.17,2.06,0.05,0.29,39.94,30.10,1.17,0.21
3128402,GUARANI - MG,264.194,1269,72,1,12,1740,1134,52,2,1740,4282,40.64,30,ROMEU ZEMA,29.64,1.68,0.02,0.28,40.64,26.48,1.21,0.05
3128501,GUARARÁ - MG,88.655,536,21,1,8,649,823,30,2,823,2070,39.76,45,ANTONIO ANASTASIA,25.89,1.01,0.05,0.39,31.35,39.76,1.45,0.10
3128600,GUARDA-MOR - MG,2068.808,850,25,9,4,1390,1258,5,6,1390,3547,39.19,30,ROMEU ZEMA,23.96,0.70,0.25,0.11,39.19,35.47,0.14,0.17
3128709,GUAXUPÉ - MG,286.398,4170,279,19,125,12150,6276,283,32,12150,23334,52.07,30,ROMEU ZEMA,17.87,1.20,0.08,0.54,52.07,26.90,1.21,0.14
3128808,GUIDOVAL - MG,158.375,877,49,0,3,1213,2021,26,3,2021,4192,48.21,45,ANTONIO ANASTASIA,20.92,1.17,0.00,0.07,28.94,48.21,0.62,0.07
3128907,GUIMARÂNIA - MG,366.833,540,32,1,4,2200,1118,15,8,2200,3918,56.15,30,ROMEU ZEMA,13.78,0.82,0.03,0.10,56.15,28.53,0.38,0.20
3129004,GUIRICEMA - MG,293.578,1972,33,3,18,1457,1224,37,3,1972,4747,41.54,13,FERNANDO PIMENTEL,41.54,0.70,0.06,0.38,30.69,25.78,0.78,0.06
3129103,GURINHATÃ - MG,1849.137,604,27,2,5,1389,1155,7,0,1389,3189,43.56,30,ROMEU ZEMA,18.94,0.85,0.06,0.16,43.56,36.22,0.22,0.00
3129202,HELIODORA - MG,153.95,796,32,0,9,890,1644,39,1,1644,3411,48.20,45,ANTONIO ANASTASIA,23.34,0.94,0.00,0.26,26.09,48.20,1.14,0.03
3129301,IAPU - MG,340.994,1118,657,4,23,1825,1544,20,11,1825,5202,35.08,30,ROMEU ZEMA,21.49,12.63,0.08,0.44,35.08,29.68,0.38,0.21
3129400,IBERTIOGA - MG,346.24,1492,64,3,3,647,954,16,4,1492,3183,46.87,13,FERNANDO PIMENTEL,46.87,2.01,0.09,0.09,20.33,29.97,0.50,0.13
3129509,IBIÁ - MG,2704.132,1577,43,1,9,6888,1357,28,10,6888,9913,69.48,30,ROMEU ZEMA,15.91,0.43,0.01,0.09,69.48,13.69,0.28,0.10
3129608,IBIAÍ - MG,874.76,2442,25,0,1,811,654,1,2,2442,3936,62.04,13,FERNANDO PIMENTEL,62.04,0.64,0.00,0.03,20.60,16.62,0.03,0.05
3129657,IBIRACATU - MG,353.257,2046,39,1,0,277,1122,6,0,2046,3491,58.61,13,FERNANDO PIMENTEL,58.61,1.12,0.03,0.00,7.93,32.14,0.17,0.00
3129707,IBIRACI - MG,562.095,1211,390,2,10,1738,2348,39,11,2348,5749,40.84,45,ANTONIO ANASTASIA,21.06,6.78,0.03,0.17,30.23,40.84,0.68,0.19
3129806,IBIRITÉ - MG,72.39499999999998,19458,4112,247,520,29185,16908,1002,227,29185,71659,40.73,30,ROMEU ZEMA,27.15,5.74,0.34,0.73,40.73,23.60,1.40,0.32
3129905,IBITIÚRA DE MINAS - MG,68.316,222,20,1,6,1303,544,2,0,1303,2098,62.11,30,ROMEU ZEMA,10.58,0.95,0.05,0.29,62.11,25.93,0.10,0.00
3130002,IBITURUNA - MG,153.106,245,48,6,0,562,729,13,0,729,1603,45.48,45,ANTONIO ANASTASIA,15.28,2.99,0.37,0.00,35.06,45.48,0.81,0.00
3130051,ICARAÍ DE MINAS - MG,625.664,3305,24,0,8,785,1168,9,8,3305,5307,62.28,13,FERNANDO PIMENTEL,62.28,0.45,0.00,0.15,14.79,22.01,0.17,0.15
3130101,IGARAPÉ - MG,110.942,3989,1002,33,98,8376,4114,148,29,8376,17789,47.09,30,ROMEU ZEMA,22.42,5.63,0.19,0.55,47.09,23.13,0.83,0.16
3130200,IGARATINGA - MG,218.343,539,35,5,13,2818,922,33,11,2818,4376,64.40,30,ROMEU ZEMA,12.32,0.80,0.11,0.30,64.40,21.07,0.75,0.25
3130309,IGUATAMA - MG,628.2,826,18,0,12,2021,1064,7,4,2021,3952,51.14,30,ROMEU ZEMA,20.90,0.46,0.00,0.30,51.14,26.92,0.18,0.10
3130408,IJACI - MG,105.246,466,104,3,6,1062,1439,32,2,1439,3114,46.21,45,ANTONIO ANASTASIA,14.96,3.34,0.10,0.19,34.10,46.21,1.03,0.06
3130507,ILICÍNEA - MG,376.341,1675,69,11,6,3059,1548,15,1,3059,6384,47.92,30,ROMEU ZEMA,26.24,1.08,0.17,0.09,47.92,24.25,0.23,0.02
3130556,IMBÉ DE MINAS - MG,196.735,1405,360,3,13,678,1107,9,5,1405,3580,39.25,13,FERNANDO PIMENTEL,39.25,10.06,0.08,0.36,18.94,30.92,0.25,0.14
3130606,INCONFIDENTES - MG,149.611,495,29,0,10,2116,1475,51,2,2116,4178,50.65,30,ROMEU ZEMA,11.85,0.69,0.00,0.24,50.65,35.30,1.22,0.05
3130655,INDAIABIRA - MG,1004.149,1178,22,0,1,850,1363,0,4,1363,3418,39.88,45,ANTONIO ANASTASIA,34.46,0.64,0.00,0.03,24.87,39.88,0.00,0.12
3130705,INDIANÓPOLIS - MG,830.0299999999999,801,42,1,3,1348,621,16,6,1348,2838,47.50,30,ROMEU ZEMA,28.22,1.48,0.04,0.11,47.50,21.88,0.56,0.21
3130804,INGAÍ - MG,305.591,283,154,3,6,507,888,18,0,888,1859,47.77,45,ANTONIO ANASTASIA,15.22,8.28,0.16,0.32,27.27,47.77,0.97,0.00
3130903,INHAPIM - MG,858.024,2741,762,6,120,4733,3047,59,16,4733,11484,41.21,30,ROMEU ZEMA,23.87,6.64,0.05,1.04,41.21,26.53,0.51,0.14
3131000,INHAÚMA - MG,244.996,490,78,6,12,1240,1447,34,7,1447,3314,43.66,45,ANTONIO ANASTASIA,14.79,2.35,0.18,0.36,37.42,43.66,1.03,0.21
3131109,INIMUTABA - MG,527.06,751,44,2,14,751,2059,17,1,2059,3639,56.58,45,ANTONIO ANASTASIA,20.64,1.21,0.05,0.38,20.64,56.58,0.47,0.03
3131158,IPABA - MG,113.246,2174,172,6,14,3185,2779,74,21,3185,8425,37.80,30,ROMEU ZEMA,25.80,2.04,0.07,0.17,37.80,32.99,0.88,0.25
3131208,IPANEMA - MG,456.641,2277,123,12,17,3999,2374,32,19,3999,8853,45.17,30,ROMEU ZEMA,25.72,1.39,0.14,0.19,45.17,26.82,0.36,0.21
3131307,IPATINGA - MG,164.884,18512,2816,170,606,57582,29677,1917,246,57582,111526,51.63,30,ROMEU ZEMA,16.60,2.52,0.15,0.54,51.63,26.61,1.72,0.22
3131406,IPIAÇU - MG,466.02,684,21,0,1,867,596,6,0,867,2175,39.86,30,ROMEU ZEMA,31.45,0.97,0.00,0.05,39.86,27.40,0.28,0.00
3131505,IPUIÚNA - MG,298.195,732,49,2,6,1666,2752,18,4,2752,5229,52.63,45,ANTONIO ANASTASIA,14.00,0.94,0.04,0.11,31.86,52.63,0.34,0.08
3131604,IRAÍ DE MINAS - MG,356.264,675,28,2,5,2762,492,4,2,2762,3970,69.57,30,ROMEU ZEMA,17.00,0.71,0.05,0.13,69.57,12.39,0.10,0.05
3131703,ITABIRA - MG,1253.704,10984,1346,107,331,23172,15899,747,110,23172,52696,43.97,30,ROMEU ZEMA,20.84,2.55,0.20,0.63,43.97,30.17,1.42,0.21
3131802,ITABIRINHA - MG,209.034,1329,87,2,3,1686,2227,4,1,2227,5339,41.71,45,ANTONIO ANASTASIA,24.89,1.63,0.04,0.06,31.58,41.71,0.07,0.02
3131901,ITABIRITO - MG,544.027,3668,1158,40,194,10695,7300,640,103,10695,23798,44.94,30,ROMEU ZEMA,15.41,4.87,0.17,0.82,44.94,30.67,2.69,0.43
3132008,ITACAMBIRA - MG,1788.445,1789,19,5,9,476,750,4,1,1789,3053,58.60,13,FERNANDO PIMENTEL,58.60,0.62,0.16,0.29,15.59,24.57,0.13,0.03
3132107,ITACARAMBI - MG,1225.273,4392,76,2,55,1243,1981,11,3,4392,7763,56.58,13,FERNANDO PIMENTEL,56.58,0.98,0.03,0.71,16.01,25.52,0.14,0.04
3132206,ITAGUARA - MG,410.468,767,118,2,35,2896,2155,58,4,2896,6035,47.99,30,ROMEU ZEMA,12.71,1.96,0.03,0.58,47.99,35.71,0.96,0.07
3132305,ITAIPÉ - MG,480.829,1894,71,0,10,906,2008,3,1,2008,4893,41.04,45,ANTONIO ANASTASIA,38.71,1.45,0.00,0.20,18.52,41.04,0.06,0.02
3132404,ITAJUBÁ - MG,294.835,4415,587,80,387,26300,13883,675,49,26300,46376,56.71,30,ROMEU ZEMA,9.52,1.27,0.17,0.83,56.71,29.94,1.46,0.11
3132503,ITAMARANDIBA - MG,2735.573,5847,133,12,45,4580,3308,54,122,5847,14101,41.47,13,FERNANDO PIMENTEL,41.47,0.94,0.09,0.32,32.48,23.46,0.38,0.87
3132602,ITAMARATI DE MINAS - MG,94.568,864,19,1,3,862,631,10,2,864,2392,36.12,13,FERNANDO PIMENTEL,36.12,0.79,0.04,0.13,36.04,26.38,0.42,0.08
3132701,ITAMBACURI - MG,1419.209,5461,113,5,29,2307,2186,28,14,5461,10143,53.84,13,FERNANDO PIMENTEL,53.84,1.11,0.05,0.29,22.74,21.55,0.28,0.14
3132800,ITAMBÉ DO MATO DENTRO - MG,380.34,342,29,1,1,347,762,6,2,762,1490,51.14,45,ANTONIO ANASTASIA,22.95,1.95,0.07,0.07,23.29,51.14,0.40,0.13
3132909,ITAMOGI - MG,243.714,1050,130,5,18,2630,1217,32,10,2630,5092,51.65,30,ROMEU ZEMA,20.62,2.55,0.10,0.35,51.65,23.90,0.63,0.20
3133006,ITAMONTE - MG,431.792,883,65,1,44,3026,2582,49,5,3026,6655,45.47,30,ROMEU ZEMA,13.27,0.98,0.02,0.66,45.47,38.80,0.74,0.08
3133105,ITANHANDU - MG,143.363,954,63,5,32,3083,3432,100,4,3432,7673,44.73,45,ANTONIO ANASTASIA,12.43,0.82,0.07,0.42,40.18,44.73,1.30,0.05
3133204,ITANHOMI - MG,488.843,2322,193,4,16,1355,1915,19,4,2322,5828,39.84,13,FERNANDO PIMENTEL,39.84,3.31,0.07,0.27,23.25,32.86,0.33,0.07
3133303,ITAOBIM - MG,679.024,3278,89,3,13,1954,3546,26,12,3546,8921,39.75,45,ANTONIO ANASTASIA,36.74,1.00,0.03,0.15,21.90,39.75,0.29,0.13
3133402,ITAPAGIPE - MG,1802.438,1019,35,0,7,3963,1770,24,2,3963,6820,58.11,30,ROMEU ZEMA,14.94,0.51,0.00,0.10,58.11,25.95,0.35,0.03
3133501,ITAPECERICA - MG,1040.519,1454,68,5,39,6151,2653,118,34,6151,10522,58.46,30,ROMEU ZEMA,13.82,0.65,0.05,0.37,58.46,25.21,1.12,0.32
3133600,ITAPEVA - MG,177.347,497,47,3,24,1820,2093,21,8,2093,4513,46.38,45,ANTONIO ANASTASIA,11.01,1.04,0.07,0.53,40.33,46.38,0.47,0.18
3133709,ITATIAIUÇU - MG,295.145,707,93,5,12,3394,1462,31,8,3394,5712,59.42,30,ROMEU ZEMA,12.38,1.63,0.09,0.21,59.42,25.60,0.54,0.14
3133758,ITAÚ DE MINAS - MG,153.421,788,57,3,16,4526,1905,98,6,4526,7399,61.17,30,ROMEU ZEMA,10.65,0.77,0.04,0.22,61.17,25.75,1.32,0.08
3133808,ITAÚNA - MG,495.769,3507,1180,66,166,26872,10886,539,42,26872,43258,62.12,30,ROMEU ZEMA,8.11,2.73,0.15,0.38,62.12,25.17,1.25,0.10
3133907,ITAVERAVA - MG,284.22,1056,73,3,7,839,1398,17,2,1398,3395,41.18,45,ANTONIO ANASTASIA,31.10,2.15,0.09,0.21,24.71,41.18,0.50,0.06
3134004,ITINGA - MG,1649.622,3996,167,3,5,900,1547,9,4,3996,6631,60.26,13,FERNANDO PIMENTEL,60.26,2.52,0.05,0.08,13.57,23.33,0.14,0.06
3134103,ITUETA - MG,452.676,761,372,0,15,1166,855,12,2,1166,3183,36.63,30,ROMEU ZEMA,23.91,11.69,0.00,0.47,36.63,26.86,0.38,0.06
3134202,ITUIUTABA - MG,2598.046,12223,991,35,104,25943,9259,338,96,25943,48989,52.96,30,ROMEU ZEMA,24.95,2.02,0.07,0.21,52.96,18.90,0.69,0.20
3134301,ITUMIRIM - MG,234.802,572,57,9,9,1383,1428,29,1,1428,3488,40.94,45,ANTONIO ANASTASIA,16.40,1.63,0.26,0.26,39.65,40.94,0.83,0.03
3134400,ITURAMA - MG,1404.663,3661,79,2,17,13114,2128,51,10,13114,19062,68.80,30,ROMEU ZEMA,19.21,0.41,0.01,0.09,68.80,11.16,0.27,0.05
3134509,ITUTINGA - MG,372.018,346,70,0,15,731,925,39,0,925,2126,43.51,45,ANTONIO ANASTASIA,16.27,3.29,0.00,0.71,34.38,43.51,1.83,0.00
3134608,JABOTICATUBAS - MG,1114.972,1671,281,8,58,2569,4395,121,22,4395,9125,48.16,45,ANTONIO ANASTASIA,18.31,3.08,0.09,0.64,28.15,48.16,1.33,0.24
3134707,JACINTO - MG,1393.609,2165,46,2,6,846,2138,13,4,2165,5220,41.48,13,FERNANDO PIMENTEL,41.48,0.88,0.04,0.11,16.21,40.96,0.25,0.08
3134806,JACUÍ - MG,409.229,336,42,3,3,1666,1547,22,1,1666,3620,46.02,30,ROMEU ZEMA,9.28,1.16,0.08,0.08,46.02,42.73,0.61,0.03
3134905,JACUTINGA - MG,347.667,662,454,13,49,5182,4754,104,7,5182,11225,46.16,30,ROMEU ZEMA,5.90,4.04,0.12,0.44,46.16,42.35,0.93,0.06
3135001,JAGUARAÇU - MG,163.76,459,45,0,9,606,870,12,0,870,2001,43.48,45,ANTONIO ANASTASIA,22.94,2.25,0.00,0.45,30.28,43.48,0.60,0.00
3135050,JAÍBA - MG,2635.467,7696,81,6,22,5610,2066,14,12,7696,15507,49.63,13,FERNANDO PIMENTEL,49.63,0.52,0.04,0.14,36.18,13.32,0.09,0.08
3135076,JAMPRUCA - MG,517.095,1590,127,5,5,447,586,7,4,1590,2771,57.38,13,FERNANDO PIMENTEL,57.38,4.58,0.18,0.18,16.13,21.15,0.25,0.14
3135100,JANAÚBA - MG,2181.319,12252,337,7,90,13267,5064,128,30,13267,31175,42.56,30,ROMEU ZEMA,39.30,1.08,0.02,0.29,42.56,16.24,0.41,0.10
3135209,JANUÁRIA - MG,6661.588,17658,432,12,106,5454,5398,121,27,17658,29208,60.46,13,FERNANDO PIMENTEL,60.46,1.48,0.04,0.36,18.67,18.48,0.41,0.09
3135308,JAPARAÍBA - MG,172.141,275,14,0,4,1515,458,8,3,1515,2277,66.53,30,ROMEU ZEMA,12.08,0.61,0.00,0.18,66.53,20.11,0.35,0.13
3135357,JAPONVAR - MG,375.181,2811,113,2,3,1192,656,4,0,2811,4781,58.80,13,FERNANDO PIMENTEL,58.80,2.36,0.04,0.06,24.93,13.72,0.08,0.00
3135407,JECEABA - MG,236.25,745,80,8,17,1101,1350,24,6,1350,3331,40.53,45,ANTONIO ANASTASIA,22.37,2.40,0.24,0.51,33.05,40.53,0.72,0.18
3135456,JENIPAPO DE MINAS - MG,284.453,1508,42,0,4,350,815,7,2,1508,2728,55.28,13,FERNANDO PIMENTEL,55.28,1.54,0.00,0.15,12.83,29.88,0.26,0.07
3135506,JEQUERI - MG,547.897,3044,91,4,8,1049,1742,25,0,3044,5963,51.05,13,FERNANDO PIMENTEL,51.05,1.53,0.07,0.13,17.59,29.21,0.42,0.00
3135605,JEQUITAÍ - MG,1268.443,1679,39,1,3,1203,632,12,0,1679,3569,47.04,13,FERNANDO PIMENTEL,47.04,1.09,0.03,0.08,33.71,17.71,0.34,0.00
3135704,JEQUITIBÁ - MG,445.03,550,91,11,9,956,1829,16,1,1829,3463,52.82,45,ANTONIO ANASTASIA,15.88,2.63,0.32,0.26,27.61,52.82,0.46,0.03
3135803,JEQUITINHONHA - MG,3514.216,6139,61,4,5,735,3223,35,8,6139,10210,60.13,13,FERNANDO PIMENTEL,60.13,0.60,0.04,0.05,7.20,31.57,0.34,0.08
3135902,JESUÂNIA - MG,153.852,319,26,3,10,1134,1143,13,4,1143,2652,43.10,45,ANTONIO ANASTASIA,12.03,0.98,0.11,0.38,42.76,43.10,0.49,0.15
3136009,JOAÍMA - MG,1664.19,3618,47,1,13,711,1448,8,6,3618,5852,61.83,13,FERNANDO PIMENTEL,61.83,0.80,0.02,0.22,12.15,24.74,0.14,0.10
3136108,JOANÉSIA - MG,233.292,686,36,2,10,708,1060,15,6,1060,2523,42.01,45,ANTONIO ANASTASIA,27.19,1.43,0.08,0.40,28.06,42.01,0.59,0.24
3136207,JOÃO MONLEVADE - MG,99.158,7338,1032,60,319,15287,9486,568,71,15287,34161,44.75,30,ROMEU ZEMA,21.48,3.02,0.18,0.93,44.75,27.77,1.66,0.21
3136306,JOÃO PINHEIRO - MG,10727.097,4339,195,9,23,12879,4416,47,24,12879,21932,58.72,30,ROMEU ZEMA,19.78,0.89,0.04,0.10,58.72,20.13,0.21,0.11
3136405,JOAQUIM FELÍCIO - MG,790.9349999999998,472,26,2,6,467,986,4,2,986,1965,50.18,45,ANTONIO ANASTASIA,24.02,1.32,0.10,0.31,23.77,50.18,0.20,0.10
3136504,JORDÂNIA - MG,546.705,1884,101,3,5,855,1621,18,0,1884,4487,41.99,13,FERNANDO PIMENTEL,41.99,2.25,0.07,0.11,19.06,36.13,0.40,0.00
3136520,JOSÉ GONÇALVES DE MINAS - MG,381.332,810,21,0,3,222,1161,1,1,1161,2219,52.32,45,ANTONIO ANASTASIA,36.50,0.95,0.00,0.14,10.00,52.32,0.05,0.05
3136553,JOSÉ RAYDAN - MG,180.822,1002,18,0,3,341,922,4,4,1002,2294,43.68,13,FERNANDO PIMENTEL,43.68,0.78,0.00,0.13,14.86,40.19,0.17,0.17
3136579,JOSENÓPOLIS - MG,541.393,1203,33,0,2,190,430,1,0,1203,1859,64.71,13,FERNANDO PIMENTEL,64.71,1.78,0.00,0.11,10.22,23.13,0.05,0.00
3136603,NOVA UNIÃO - MG,172.131,844,96,0,22,1068,1087,19,1,1087,3137,34.65,45,ANTONIO ANASTASIA,26.90,3.06,0.00,0.70,34.05,34.65,0.61,0.03
3136652,JUATUBA - MG,97.172,2499,705,18,59,6459,3089,141,22,6459,12992,49.72,30,ROMEU ZEMA,19.23,5.43,0.14,0.45,49.72,23.78,1.09,0.17
3136702,JUIZ DE FORA - MG,1435.749,62831,7848,769,2274,104260,53443,8322,570,104260,240317,43.38,30,ROMEU ZEMA,26.15,3.27,0.32,0.95,43.38,22.24,3.46,0.24
3136801,JURAMENTO - MG,431.63,1230,27,1,9,550,1091,9,1,1230,2918,42.15,13,FERNANDO PIMENTEL,42.15,0.93,0.03,0.31,18.85,37.39,0.31,0.03
3136900,JURUAIA - MG,220.353,791,18,7,19,2868,1888,18,12,2868,5621,51.02,30,ROMEU ZEMA,14.07,0.32,0.12,0.34,51.02,33.59,0.32,0.21
3136959,JUVENÍLIA - MG,1064.692,1926,4,0,9,270,1103,5,0,1926,3317,58.06,13,FERNANDO PIMENTEL,58.06,0.12,0.00,0.27,8.14,33.25,0.15,0.00
3137007,LADAINHA - MG,866.2899999999998,3427,65,1,7,637,2169,9,1,3427,6316,54.26,13,FERNANDO PIMENTEL,54.26,1.03,0.02,0.11,10.09,34.34,0.14,0.02
3137106,LAGAMAR - MG,1474.562,523,28,0,17,2438,1263,7,3,2438,4279,56.98,30,ROMEU ZEMA,12.22,0.65,0.00,0.40,56.98,29.52,0.16,0.07
3137205,LAGOA DA PRATA - MG,439.984,1729,193,8,53,16157,3547,164,22,16157,21873,73.87,30,ROMEU ZEMA,7.90,0.88,0.04,0.24,73.87,16.22,0.75,0.10
3137304,LAGOA DOS PATOS - MG,600.547,662,21,0,2,785,811,2,0,811,2283,35.52,45,ANTONIO ANASTASIA,29.00,0.92,0.00,0.09,34.38,35.52,0.09,0.00
3137403,LAGOA DOURADA - MG,476.693,1117,183,10,21,1862,2352,58,9,2352,5612,41.91,45,ANTONIO ANASTASIA,19.90,3.26,0.18,0.37,33.18,41.91,1.03,0.16
3137502,LAGOA FORMOSA - MG,840.9199999999998,1076,204,5,18,4915,2510,41,5,4915,8774,56.02,30,ROMEU ZEMA,12.26,2.33,0.06,0.21,56.02,28.61,0.47,0.06
3137536,LAGOA GRANDE - MG,1236.301,1141,41,4,5,2294,1257,15,6,2294,4763,48.16,30,ROMEU ZEMA,23.96,0.86,0.08,0.10,48.16,26.39,0.31,0.13
3137601,LAGOA SANTA - MG,229.409,3346,989,64,208,10873,13345,570,49,13345,29444,45.32,45,ANTONIO ANASTASIA,11.36,3.36,0.22,0.71,36.93,45.32,1.94,0.17
3137700,LAJINHA - MG,431.92,3374,531,3,9,3570,2134,33,2,3570,9656,36.97,30,ROMEU ZEMA,34.94,5.50,0.03,0.09,36.97,22.10,0.34,0.02
3137809,LAMBARI - MG,213.11,1266,214,9,36,5693,3010,60,15,5693,10303,55.26,30,ROMEU ZEMA,12.29,2.08,0.09,0.35,55.26,29.21,0.58,0.15
3137908,LAMIM - MG,118.602,749,124,1,4,498,605,9,1,749,1991,37.62,13,FERNANDO PIMENTEL,37.62,6.23,0.05,0.20,25.01,30.39,0.45,0.05
3138005,LARANJAL - MG,204.882,1172,25,5,10,1524,860,17,1,1524,3614,42.17,30,ROMEU ZEMA,32.43,0.69,0.14,0.28,42.17,23.80,0.47,0.03
3138104,LASSANCE - MG,3204.217,1278,63,3,5,1077,734,11,0,1278,3171,40.30,13,FERNANDO PIMENTEL,40.30,1.99,0.09,0.16,33.96,23.15,0.35,0.00
3138203,LAVRAS - MG,564.744,6266,1572,108,303,18394,14242,875,49,18394,41809,44.00,30,ROMEU ZEMA,14.99,3.76,0.26,0.72,44.00,34.06,2.09,0.12
3138302,LEANDRO FERREIRA - MG,352.005,235,167,0,1,962,725,13,6,962,2109,45.61,30,ROMEU ZEMA,11.14,7.92,0.00,0.05,45.61,34.38,0.62,0.28
3138351,LEME DO PRADO - MG,280.036,904,16,0,5,488,990,5,0,990,2408,41.11,45,ANTONIO ANASTASIA,37.54,0.66,0.00,0.21,20.27,41.11,0.21,0.00
3138401,LEOPOLDINA - MG,943.0770000000001,7486,502,25,129,11834,4899,309,32,11834,25216,46.93,30,ROMEU ZEMA,29.69,1.99,0.10,0.51,46.93,19.43,1.23,0.13
3138500,LIBERDADE - MG,401.337,815,45,3,7,699,1062,27,0,1062,2658,39.95,45,ANTONIO ANASTASIA,30.66,1.69,0.11,0.26,26.30,39.95,1.02,0.00
3138609,LIMA DUARTE - MG,848.5639999999999,3484,138,16,27,2619,2279,157,13,3484,8733,39.89,13,FERNANDO PIMENTEL,39.89,1.58,0.18,0.31,29.99,26.10,1.80,0.15
3138625,LIMEIRA DO OESTE - MG,1317.153,1158,9,1,2,2455,495,4,2,2455,4126,59.50,30,ROMEU ZEMA,28.07,0.22,0.02,0.05,59.50,12.00,0.10,0.05
3138658,LONTRA - MG,258.925,2396,67,4,14,1127,1268,9,0,2396,4885,49.05,13,FERNANDO PIMENTEL,49.05,1.37,0.08,0.29,23.07,25.96,0.18,0.00
3138674,LUISBURGO - MG,145.418,1143,72,3,10,753,1358,9,2,1358,3350,40.54,45,ANTONIO ANASTASIA,34.12,2.15,0.09,0.30,22.48,40.54,0.27,0.06
3138682,LUISLÂNDIA - MG,411.714,2673,52,0,6,577,485,3,0,2673,3796,70.42,13,FERNANDO PIMENTEL,70.42,1.37,0.00,0.16,15.20,12.78,0.08,0.00
3138708,LUMINÁRIAS - MG,500.143,814,29,3,1,640,1187,35,1,1187,2710,43.80,45,ANTONIO ANASTASIA,30.04,1.07,0.11,0.04,23.62,43.80,1.29,0.04
3138807,LUZ - MG,1171.659,840,48,4,15,4931,2735,31,61,4931,8665,56.91,30,ROMEU ZEMA,9.69,0.55,0.05,0.17,56.91,31.56,0.36,0.70
3138906,MACHACALIS - MG,332.378,1888,29,0,4,491,1202,8,2,1888,3624,52.10,13,FERNANDO PIMENTEL,52.10,0.80,0.00,0.11,13.55,33.17,0.22,0.06
3139003,MACHADO - MG,585.958,2200,193,7,66,10469,5992,96,26,10469,19049,54.96,30,ROMEU ZEMA,11.55,1.01,0.04,0.35,54.96,31.46,0.50,0.14
3139102,MADRE DE DEUS DE MINAS - MG,492.909,565,35,12,9,649,1265,27,0,1265,2562,49.38,45,ANTONIO ANASTASIA,22.05,1.37,0.47,0.35,25.33,49.38,1.05,0.00
3139201,MALACACHETA - MG,727.8859999999999,3197,164,3,35,2365,2212,18,14,3197,8008,39.92,13,FERNANDO PIMENTEL,39.92,2.05,0.04,0.44,29.53,27.62,0.22,0.17
3139250,MAMONAS - MG,284.365,1600,41,0,9,733,1320,15,9,1600,3727,42.93,13,FERNANDO PIMENTEL,42.93,1.10,0.00,0.24,19.67,35.42,0.40,0.24
3139300,MANGA - MG,1950.184,5197,46,4,14,1892,2445,18,6,5197,9622,54.01,13,FERNANDO PIMENTEL,54.01,0.48,0.04,0.15,19.66,25.41,0.19,0.06
3139409,MANHUAÇU - MG,628.318,9235,1288,33,121,17128,7524,275,62,17128,35666,48.02,30,ROMEU ZEMA,25.89,3.61,0.09,0.34,48.02,21.10,0.77,0.17
3139508,MANHUMIRIM - MG,182.9,2643,187,4,39,3700,3392,77,10,3700,10052,36.81,30,ROMEU ZEMA,26.29,1.86,0.04,0.39,36.81,33.74,0.77,0.10
3139607,MANTENA - MG,685.208,3084,176,1,22,4397,4942,37,6,4942,12665,39.02,45,ANTONIO ANASTASIA,24.35,1.39,0.01,0.17,34.72,39.02,0.29,0.05
3139706,MARAVILHAS - MG,261.604,545,167,2,7,2250,1191,14,0,2250,4176,53.88,30,ROMEU ZEMA,13.05,4.00,0.05,0.17,53.88,28.52,0.34,0.00
3139805,MAR DE ESPANHA - MG,371.6,987,209,3,21,1988,2927,95,10,2927,6240,46.91,45,ANTONIO ANASTASIA,15.82,3.35,0.05,0.34,31.86,46.91,1.52,0.16
3139904,MARIA DA FÉ - MG,202.898,821,60,5,30,3784,3708,58,0,3784,8466,44.70,30,ROMEU ZEMA,9.70,0.71,0.06,0.35,44.70,43.80,0.69,0.00
3140001,MARIANA - MG,1194.208,8577,794,115,183,9447,5980,815,69,9447,25980,36.36,30,ROMEU ZEMA,33.01,3.06,0.44,0.70,36.36,23.02,3.14,0.27
3140100,MARILAC - MG,158.809,900,34,1,11,630,807,10,2,900,2395,37.58,13,FERNANDO PIMENTEL,37.58,1.42,0.04,0.46,26.30,33.70,0.42,0.08
3140159,MÁRIO CAMPOS - MG,35.196,1665,439,18,50,2613,2021,67,12,2613,6885,37.95,30,ROMEU ZEMA,24.18,6.38,0.26,0.73,37.95,29.35,0.97,0.17
3140209,MARIPÁ DE MINAS - MG,77.33799999999998,573,16,8,3,641,714,20,0,714,1975,36.15,45,ANTONIO ANASTASIA,29.01,0.81,0.41,0.15,32.46,36.15,1.01,0.00
3140308,MARLIÉRIA - MG,545.813,674,36,8,19,898,951,32,7,951,2625,36.23,45,ANTONIO ANASTASIA,25.68,1.37,0.30,0.72,34.21,36.23,1.22,0.27
3140407,MARMELÓPOLIS - MG,107.902,207,11,1,20,443,1055,5,0,1055,1742,60.56,45,ANTONIO ANASTASIA,11.88,0.63,0.06,1.15,25.43,60.56,0.29,0.00
3140506,MARTINHO CAMPOS - MG,1058.418,753,140,6,53,3964,1496,31,33,3964,6476,61.21,30,ROMEU ZEMA,11.63,2.16,0.09,0.82,61.21,23.10,0.48,0.51
3140530,MARTINS SOARES - MG,113.268,1682,33,0,1,1088,1571,12,0,1682,4387,38.34,13,FERNANDO PIMENTEL,38.34,0.75,0.00,0.02,24.80,35.81,0.27,0.00
3140555,MATA VERDE - MG,227.539,1240,43,1,9,673,2082,14,2,2082,4064,51.23,45,ANTONIO ANASTASIA,30.51,1.06,0.02,0.22,16.56,51.23,0.34,0.05
3140605,MATERLÂNDIA - MG,280.53,877,127,2,2,296,852,4,13,877,2173,40.36,13,FERNANDO PIMENTEL,40.36,5.84,0.09,0.09,13.62,39.21,0.18,0.60
3140704,MATEUS LEME - MG,301.383,2385,501,22,62,7277,3811,141,29,7277,14228,51.15,30,ROMEU ZEMA,16.76,3.52,0.15,0.44,51.15,26.79,0.99,0.20
3140803,MATIAS BARBOSA - MG,157.066,1918,89,6,28,3005,1938,98,20,3005,7102,42.31,30,ROMEU ZEMA,27.01,1.25,0.08,0.39,42.31,27.29,1.38,0.28
3140852,MATIAS CARDOSO - MG,1940.598,2979,116,0,6,713,448,21,1,2979,4284,69.54,13,FERNANDO PIMENTEL,69.54,2.71,0.00,0.14,16.64,10.46,0.49,0.02
3140902,MATIPÓ - MG,266.99,2679,268,4,28,2700,3767,46,3,3767,9495,39.67,45,ANTONIO ANASTASIA,28.21,2.82,0.04,0.29,28.44,39.67,0.48,0.03
3141009,MATO VERDE - MG,472.245,2267,51,3,7,2591,2118,10,6,2591,7053,36.74,30,ROMEU ZEMA,32.14,0.72,0.04,0.10,36.74,30.03,0.14,0.09
3141108,MATOZINHOS - MG,252.453,3288,913,62,162,6797,6543,194,22,6797,17981,37.80,30,ROMEU ZEMA,18.29,5.08,0.34,0.90,37.80,36.39,1.08,0.12
3141207,MATUTINA - MG,260.957,315,15,0,5,985,616,0,7,985,1943,50.69,30,ROMEU ZEMA,16.21,0.77,0.00,0.26,50.69,31.70,0.00,0.36
3141306,MEDEIROS - MG,946.437,218,5,0,1,1106,618,11,9,1106,1968,56.20,30,ROMEU ZEMA,11.08,0.25,0.00,0.05,56.20,31.40,0.56,0.46
3141405,MEDINA - MG,1435.903,4297,448,3,20,2340,2340,28,11,4297,9487,45.29,13,FERNANDO PIMENTEL,45.29,4.72,0.03,0.21,24.67,24.67,0.30,0.12
3141504,MENDES PIMENTEL - MG,305.507,1014,102,0,9,1084,929,8,3,1084,3149,34.42,30,ROMEU ZEMA,32.20,3.24,0.00,0.29,34.42,29.50,0.25,0.10
3141603,MERCÊS - MG,348.271,2147,51,4,13,1706,1065,30,1,2147,5017,42.79,13,FERNANDO PIMENTEL,42.79,1.02,0.08,0.26,34.00,21.23,0.60,0.02
3141702,MESQUITA - MG,274.938,789,25,5,4,733,1271,13,2,1271,2842,44.72,45,ANTONIO ANASTASIA,27.76,0.88,0.18,0.14,25.79,44.72,0.46,0.07
3141801,MINAS NOVAS - MG,1812.398,7283,49,4,25,1381,2324,34,5,7283,11105,65.58,13,FERNANDO PIMENTEL,65.58,0.44,0.04,0.23,12.44,20.93,0.31,0.05
3141900,MINDURI - MG,219.774,494,21,4,3,867,668,8,1,867,2066,41.97,30,ROMEU ZEMA,23.91,1.02,0.19,0.15,41.97,32.33,0.39,0.05
3142007,MIRABELA - MG,723.278,3461,53,4,1,2673,733,12,8,3461,6945,49.83,13,FERNANDO PIMENTEL,49.83,0.76,0.06,0.01,38.49,10.55,0.17,0.12
3142106,MIRADOURO - MG,301.672,2042,75,11,134,1334,1270,17,2,2042,4885,41.80,13,FERNANDO PIMENTEL,41.80,1.54,0.23,2.74,27.31,26.00,0.35,0.04
3142205,MIRAÍ - MG,320.695,956,309,6,23,2687,2244,36,2,2687,6263,42.90,30,ROMEU ZEMA,15.26,4.93,0.10,0.37,42.90,35.83,0.57,0.03
3142254,MIRAVÂNIA - MG,602.128,965,2,0,4,309,914,2,3,965,2199,43.88,13,FERNANDO PIMENTEL,43.88,0.09,0.00,0.18,14.05,41.56,0.09,0.14
3142304,MOEDA - MG,155.112,571,49,2,27,1329,1252,39,27,1329,3296,40.32,30,ROMEU ZEMA,17.32,1.49,0.06,0.82,40.32,37.99,1.18,0.82
3142403,MOEMA - MG,202.705,399,38,1,15,2679,889,17,10,2679,4048,66.18,30,ROMEU ZEMA,9.86,0.94,0.02,0.37,66.18,21.96,0.42,0.25
3142502,MONJOLOS - MG,650.911,436,15,6,4,280,593,5,1,593,1340,44.25,45,ANTONIO ANASTASIA,32.54,1.12,0.45,0.30,20.90,44.25,0.37,0.07
3142601,MONSENHOR PAULO - MG,216.54,1109,38,4,8,1461,1776,17,0,1776,4413,40.24,45,ANTONIO ANASTASIA,25.13,0.86,0.09,0.18,33.11,40.24,0.39,0.00
3142700,MONTALVÂNIA - MG,1503.755,4069,40,1,25,1473,1813,12,4,4069,7437,54.71,13,FERNANDO PIMENTEL,54.71,0.54,0.01,0.34,19.81,24.38,0.16,0.05
3142809,MONTE ALEGRE DE MINAS - MG,2595.957,2110,102,4,16,3747,2866,67,5,3747,8917,42.02,30,ROMEU ZEMA,23.66,1.14,0.04,0.18,42.02,32.14,0.75,0.06
3142908,MONTE AZUL - MG,1001.296,5912,45,2,37,3271,2627,29,4,5912,11927,49.57,13,FERNANDO PIMENTEL,49.57,0.38,0.02,0.31,27.43,22.03,0.24,0.03
3143005,MONTE BELO - MG,421.283,1316,43,0,13,3244,1923,33,7,3244,6579,49.31,30,ROMEU ZEMA,20.00,0.65,0.00,0.20,49.31,29.23,0.50,0.11
3143104,MONTE CARMELO - MG,1343.035,4945,204,82,52,13930,2568,97,11,13930,21889,63.64,30,ROMEU ZEMA,22.59,0.93,0.37,0.24,63.64,11.73,0.44,0.05
3143153,MONTE FORMOSO - MG,385.553,1151,13,2,2,203,1060,0,1,1151,2432,47.33,13,FERNANDO PIMENTEL,47.33,0.53,0.08,0.08,8.35,43.59,0.00,0.04
3143203,MONTE SANTO DE MINAS - MG,594.632,1295,81,11,34,4961,2511,98,23,4961,9014,55.04,30,ROMEU ZEMA,14.37,0.90,0.12,0.38,55.04,27.86,1.09,0.26
3143302,MONTES CLAROS - MG,3589.811,45761,4516,146,1162,75103,41834,1661,161,75103,170344,44.09,30,ROMEU ZEMA,26.86,2.65,0.09,0.68,44.09,24.56,0.98,0.09
3143401,MONTE SIÃO - MG,291.594,681,96,7,55,5806,4194,102,6,5806,10947,53.04,30,ROMEU ZEMA,6.22,0.88,0.06,0.50,53.04,38.31,0.93,0.05
3143450,MONTEZUMA - MG,1130.419,1830,28,2,9,330,1211,5,2,1830,3417,53.56,13,FERNANDO PIMENTEL,53.56,0.82,0.06,0.26,9.66,35.44,0.15,0.06
3143500,MORADA NOVA DE MINAS - MG,2084.275,858,75,2,7,1759,1427,15,2,1759,4145,42.44,30,ROMEU ZEMA,20.70,1.81,0.05,0.17,42.44,34.43,0.36,0.05
3143609,MORRO DA GARÇA - MG,414.772,622,42,5,5,299,754,6,1,754,1734,43.48,45,ANTONIO ANASTASIA,35.87,2.42,0.29,0.29,17.24,43.48,0.35,0.06
3143708,MORRO DO PILAR - MG,477.548,682,33,1,7,340,953,3,0,953,2019,47.20,45,ANTONIO ANASTASIA,33.78,1.63,0.05,0.35,16.84,47.20,0.15,0.00
3143807,MUNHOZ - MG,191.564,628,23,1,6,885,2102,8,1,2102,3654,57.53,45,ANTONIO ANASTASIA,17.19,0.63,0.03,0.16,24.22,57.53,0.22,0.03
3143906,MURIAÉ - MG,841.693,11972,1058,42,337,21512,11543,424,62,21512,46950,45.82,30,ROMEU ZEMA,25.50,2.25,0.09,0.72,45.82,24.59,0.90,0.13
3144003,MUTUM - MG,1250.824,5166,128,4,20,4944,2886,39,19,5166,13206,39.12,13,FERNANDO PIMENTEL,39.12,0.97,0.03,0.15,37.44,21.85,0.30,0.14
3144102,MUZAMBINHO - MG,409.948,1830,109,6,47,5691,3303,137,2,5691,11125,51.16,30,ROMEU ZEMA,16.45,0.98,0.05,0.42,51.16,29.69,1.23,0.02
3144201,NACIP RAYDAN - MG,233.493,853,19,0,5,192,590,0,3,853,1662,51.32,13,FERNANDO PIMENTEL,51.32,1.14,0.00,0.30,11.55,35.50,0.00,0.18
3144300,NANUQUE - MG,1518.166,5869,191,7,52,4545,5435,43,20,5869,16162,36.31,13,FERNANDO PIMENTEL,36.31,1.18,0.04,0.32,28.12,33.63,0.27,0.12
3144359,NAQUE - MG,127.173,1172,28,3,10,800,948,9,1,1172,2971,39.45,13,FERNANDO PIMENTEL,39.45,0.94,0.10,0.34,26.93,31.91,0.30,0.03
3144375,NATALÂNDIA - MG,468.66,848,5,0,2,562,585,4,1,848,2007,42.25,13,FERNANDO PIMENTEL,42.25,0.25,0.00,0.10,28.00,29.15,0.20,0.05
3144409,NATÉRCIA - MG,188.719,286,12,1,4,1174,1158,14,1,1174,2650,44.30,30,ROMEU ZEMA,10.79,0.45,0.04,0.15,44.30,43.70,0.53,0.04
3144508,NAZARENO - MG,341.453,872,161,14,13,1245,1596,57,5,1596,3963,40.27,45,ANTONIO ANASTASIA,22.00,4.06,0.35,0.33,31.42,40.27,1.44,0.13
3144607,NEPOMUCENO - MG,582.553,2012,198,17,34,6047,3777,100,8,6047,12193,49.59,30,ROMEU ZEMA,16.50,1.62,0.14,0.28,49.59,30.98,0.82,0.07
3144656,NINHEIRA - MG,1108.255,1351,39,1,3,595,1630,4,1,1630,3624,44.98,45,ANTONIO ANASTASIA,37.28,1.08,0.03,0.08,16.42,44.98,0.11,0.03
3144672,NOVA BELÉM - MG,146.775,570,97,1,4,480,1085,3,1,1085,2241,48.42,45,ANTONIO ANASTASIA,25.44,4.33,0.04,0.18,21.42,48.42,0.13,0.04
3144706,NOVA ERA - MG,361.926,2949,180,6,54,3376,2311,116,22,3376,9014,37.45,30,ROMEU ZEMA,32.72,2.00,0.07,0.60,37.45,25.64,1.29,0.24
3144805,NOVA LIMA - MG,429.313,8832,2198,98,423,18172,13626,1171,79,18172,44599,40.75,30,ROMEU ZEMA,19.80,4.93,0.22,0.95,40.75,30.55,2.63,0.18
3144904,NOVA MÓDICA - MG,375.973,621,26,0,9,416,1174,4,4,1174,2254,52.09,45,ANTONIO ANASTASIA,27.55,1.15,0.00,0.40,18.46,52.09,0.18,0.18
3145000,NOVA PONTE - MG,1111.011,1088,46,2,14,4782,998,22,6,4782,6958,68.73,30,ROMEU ZEMA,15.64,0.66,0.03,0.20,68.73,14.34,0.32,0.09
3145059,NOVA PORTEIRINHA - MG,120.943,1894,88,2,12,1360,485,14,6,1894,3861,49.05,13,FERNANDO PIMENTEL,49.05,2.28,0.05,0.31,35.22,12.56,0.36,0.16
3145109,NOVA RESENDE - MG,390.152,1704,48,6,11,3804,2544,34,37,3804,8188,46.46,30,ROMEU ZEMA,20.81,0.59,0.07,0.13,46.46,31.07,0.42,0.45
3145208,NOVA SERRANA - MG,282.472,2437,499,13,52,26374,5408,174,338,26374,35295,74.72,30,ROMEU ZEMA,6.90,1.41,0.04,0.15,74.72,15.32,0.49,0.96
3145307,NOVO CRUZEIRO - MG,1702.981,6440,95,10,12,1923,3210,33,2,6440,11725,54.93,13,FERNANDO PIMENTEL,54.93,0.81,0.09,0.10,16.40,27.38,0.28,0.02
3145356,NOVO ORIENTE DE MINAS - MG,755.1509999999998,2121,67,3,4,570,1729,2,2,2121,4498,47.15,13,FERNANDO PIMENTEL,47.15,1.49,0.07,0.09,12.67,38.44,0.04,0.04
3145372,NOVORIZONTE - MG,271.61,1163,18,4,2,478,1059,3,0,1163,2727,42.65,13,FERNANDO PIMENTEL,42.65,0.66,0.15,0.07,17.53,38.83,0.11,0.00
3145406,OLARIA - MG,178.242,417,21,2,2,323,563,9,0,563,1337,42.11,45,ANTONIO ANASTASIA,31.19,1.57,0.15,0.15,24.16,42.11,0.67,0.00
3145455,OLHOS-D'ÁGUA - MG,2092.078,2122,48,1,3,681,406,3,0,2122,3264,65.01,13,FERNANDO PIMENTEL,65.01,1.47,0.03,0.09,20.86,12.44,0.09,0.00
3145505,OLÍMPIO NORONHA - MG,54.633,348,15,1,6,359,949,8,0,949,1686,56.29,45,ANTONIO ANASTASIA,20.64,0.89,0.06,0.36,21.29,56.29,0.47,0.00
3145604,OLIVEIRA - MG,897.294,2550,449,7,80,11719,5337,217,14,11719,20373,57.52,30,ROMEU ZEMA,12.52,2.20,0.03,0.39,57.52,26.20,1.07,0.07
3145703,OLIVEIRA FORTES - MG,111.13,677,19,0,2,278,391,7,0,677,1374,49.27,13,FERNANDO PIMENTEL,49.27,1.38,0.00,0.15,20.23,28.46,0.51,0.00
3145802,ONÇA DE PITANGUI - MG,246.976,193,103,1,4,953,855,6,4,953,2119,44.97,30,ROMEU ZEMA,9.11,4.86,0.05,0.19,44.97,40.35,0.28,0.19
3145851,ORATÓRIOS - MG,89.068,1363,49,2,10,448,661,29,3,1363,2565,53.14,13,FERNANDO PIMENTEL,53.14,1.91,0.08,0.39,17.47,25.77,1.13,0.12
3145877,ORIZÂNIA - MG,121.8,1863,88,1,11,908,1276,5,5,1863,4157,44.82,13,FERNANDO PIMENTEL,44.82,2.12,0.02,0.26,21.84,30.70,0.12,0.12
3145901,OURO BRANCO - MG,258.726,3691,426,19,121,9276,4858,448,53,9276,18892,49.10,30,ROMEU ZEMA,19.54,2.25,0.10,0.64,49.10,25.71,2.37,0.28
3146008,OURO FINO - MG,533.714,1049,178,12,54,6787,6075,163,19,6787,14337,47.34,30,ROMEU ZEMA,7.32,1.24,0.08,0.38,47.34,42.37,1.14,0.13
3146107,OURO PRETO - MG,1245.865,12512,1644,102,397,12263,7842,1230,98,12512,36088,34.67,13,FERNANDO PIMENTEL,34.67,4.56,0.28,1.10,33.98,21.73,3.41,0.27
3146206,OURO VERDE DE MINAS - MG,175.482,1657,46,1,10,664,1462,8,0,1657,3848,43.06,13,FERNANDO PIMENTEL,43.06,1.20,0.03,0.26,17.26,37.99,0.21,0.00
3146255,PADRE CARVALHO - MG,446.275,1136,57,0,5,373,1058,10,2,1136,2641,43.01,13,FERNANDO PIMENTEL,43.01,2.16,0.00,0.19,14.12,40.06,0.38,0.08
3146305,PADRE PARAÍSO - MG,544.375,3006,111,5,8,1742,2340,25,4,3006,7241,41.51,13,FERNANDO PIMENTEL,41.51,1.53,0.07,0.11,24.06,32.32,0.35,0.06
3146404,PAINEIRAS - MG,637.309,536,27,0,5,1004,946,28,8,1004,2554,39.31,30,ROMEU ZEMA,20.99,1.06,0.00,0.20,39.31,37.04,1.10,0.31
3146503,PAINS - MG,421.862,841,20,2,3,2369,1109,33,3,2369,4380,54.09,30,ROMEU ZEMA,19.20,0.46,0.05,0.07,54.09,25.32,0.75,0.07
3146552,PAI PEDRO - MG,839.8049999999998,1948,17,1,9,419,842,8,7,1948,3251,59.92,13,FERNANDO PIMENTEL,59.92,0.52,0.03,0.28,12.89,25.90,0.25,0.22
3146602,PAIVA - MG,58.419,212,12,0,7,330,522,6,7,522,1096,47.63,45,ANTONIO ANASTASIA,19.34,1.09,0.00,0.64,30.11,47.63,0.55,0.64
3146701,PALMA - MG,316.476,1580,13,0,11,817,1122,17,7,1580,3567,44.29,13,FERNANDO PIMENTEL,44.29,0.36,0.00,0.31,22.90,31.46,0.48,0.20
3146750,PALMÓPOLIS - MG,433.154,1556,207,7,1,206,1234,3,4,1556,3218,48.35,13,FERNANDO PIMENTEL,48.35,6.43,0.22,0.03,6.40,38.35,0.09,0.12
3146909,PAPAGAIOS - MG,553.577,1485,57,0,6,3492,2525,29,7,3492,7601,45.94,30,ROMEU ZEMA,19.54,0.75,0.00,0.08,45.94,33.22,0.38,0.09
3147006,PARACATU - MG,8231.029,6802,672,31,103,16100,11887,195,63,16100,35853,44.91,30,ROMEU ZEMA,18.97,1.87,0.09,0.29,44.91,33.15,0.54,0.18
3147105,PARÁ DE MINAS - MG,551.247,3727,1138,32,162,23756,8311,406,49,23756,37581,63.21,30,ROMEU ZEMA,9.92,3.03,0.09,0.43,63.21,22.11,1.08,0.13
3147204,PARAGUAÇU - MG,424.296,1724,110,5,38,5116,3847,109,30,5116,10979,46.60,30,ROMEU ZEMA,15.70,1.00,0.05,0.35,46.60,35.04,0.99,0.27
3147303,PARAISÓPOLIS - MG,331.238,1008,166,13,39,4131,3870,201,13,4131,9441,43.76,30,ROMEU ZEMA,10.68,1.76,0.14,0.41,43.76,40.99,2.13,0.14
3147402,PARAOPEBA - MG,625.623,2259,366,11,47,4954,4456,102,11,4954,12206,40.59,30,ROMEU ZEMA,18.51,3.00,0.09,0.39,40.59,36.51,0.84,0.09
3147501,PASSABÉM - MG,94.183,269,15,0,4,244,560,3,2,560,1097,51.05,45,ANTONIO ANASTASIA,24.52,1.37,0.00,0.36,22.24,51.05,0.27,0.18
3147600,PASSA QUATRO - MG,277.221,974,67,3,95,3409,2888,190,1,3409,7627,44.70,30,ROMEU ZEMA,12.77,0.88,0.04,1.25,44.70,37.87,2.49,0.01
3147709,PASSA TEMPO - MG,429.172,709,48,6,17,1625,1403,28,13,1625,3849,42.22,30,ROMEU ZEMA,18.42,1.25,0.16,0.44,42.22,36.45,0.73,0.34
3147808,PASSA VINTE - MG,246.565,230,19,6,7,334,792,22,0,792,1410,56.17,45,ANTONIO ANASTASIA,16.31,1.35,0.43,0.50,23.69,56.17,1.56,0.00
3147907,PASSOS - MG,1338.07,7557,509,24,152,23244,17702,393,58,23244,49639,46.83,30,ROMEU ZEMA,15.22,1.03,0.05,0.31,46.83,35.66,0.79,0.12
3147956,PATIS - MG,444.196,1730,25,1,3,343,1143,5,0,1730,3250,53.23,13,FERNANDO PIMENTEL,53.23,0.77,0.03,0.09,10.55,35.17,0.15,0.00
3148004,PATOS DE MINAS - MG,3190.456,6333,938,43,301,41423,19196,419,78,41423,68731,60.27,30,ROMEU ZEMA,9.21,1.36,0.06,0.44,60.27,27.93,0.61,0.11
3148103,PATROCÍNIO - MG,2874.344,4119,343,23,75,27937,7525,242,53,27937,40317,69.29,30,ROMEU ZEMA,10.22,0.85,0.06,0.19,69.29,18.66,0.60,0.13
3148202,PATROCÍNIO DO MURIAÉ - MG,108.246,932,27,0,14,973,1284,21,1,1284,3252,39.48,45,ANTONIO ANASTASIA,28.66,0.83,0.00,0.43,29.92,39.48,0.65,0.03
3148301,PAULA CÂNDIDO - MG,268.321,1852,71,13,12,1392,1397,52,4,1852,4793,38.64,13,FERNANDO PIMENTEL,38.64,1.48,0.27,0.25,29.04,29.15,1.08,0.08
3148400,PAULISTAS - MG,220.564,1257,39,2,11,236,778,15,10,1257,2348,53.53,13,FERNANDO PIMENTEL,53.53,1.66,0.09,0.47,10.05,33.13,0.64,0.43
3148509,PAVÃO - MG,601.19,1567,291,0,6,307,1378,9,2,1567,3560,44.02,13,FERNANDO PIMENTEL,44.02,8.17,0.00,0.17,8.62,38.71,0.25,0.06
3148608,PEÇANHA - MG,996.646,3088,61,1,13,1411,2563,23,5,3088,7165,43.10,13,FERNANDO PIMENTEL,43.10,0.85,0.01,0.18,19.69,35.77,0.32,0.07
3148707,PEDRA AZUL - MG,1594.651,3557,172,3,20,2409,4071,29,12,4071,10273,39.63,45,ANTONIO ANASTASIA,34.62,1.67,0.03,0.19,23.45,39.63,0.28,0.12
3148756,PEDRA BONITA - MG,173.928,1780,42,8,36,461,1509,8,1,1780,3845,46.29,13,FERNANDO PIMENTEL,46.29,1.09,0.21,0.94,11.99,39.25,0.21,0.03
3148806,PEDRA DO ANTA - MG,173.168,1181,36,2,4,333,729,11,2,1181,2298,51.39,13,FERNANDO PIMENTEL,51.39,1.57,0.09,0.17,14.49,31.72,0.48,0.09
3148905,PEDRA DO INDAIÁ - MG,347.92,282,20,3,5,1227,642,2,0,1227,2181,56.26,30,ROMEU ZEMA,12.93,0.92,0.14,0.23,56.26,29.44,0.09,0.00
3149002,PEDRA DOURADA - MG,69.99,965,26,0,23,339,357,7,2,965,1719,56.14,13,FERNANDO PIMENTEL,56.14,1.51,0.00,1.34,19.72,20.77,0.41,0.12
3149101,PEDRALVA - MG,217.989,1037,70,0,43,2390,2333,89,9,2390,5971,40.03,30,ROMEU ZEMA,17.37,1.17,0.00,0.72,40.03,39.07,1.49,0.15
3149150,PEDRAS DE MARIA DA CRUZ - MG,1525.648,3123,36,5,8,664,812,5,0,3123,4653,67.12,13,FERNANDO PIMENTEL,67.12,0.77,0.11,0.17,14.27,17.45,0.11,0.00
3149200,PEDRINÓPOLIS - MG,357.891,199,4,0,11,1467,409,6,2,1467,2098,69.92,30,ROMEU ZEMA,9.49,0.19,0.00,0.52,69.92,19.49,0.29,0.10
3149309,PEDRO LEOPOLDO - MG,292.831,4354,2578,61,174,12339,9820,521,89,12339,29936,41.22,30,ROMEU ZEMA,14.54,8.61,0.20,0.58,41.22,32.80,1.74,0.30
3149408,PEDRO TEIXEIRA - MG,112.959,507,64,1,5,307,719,12,0,719,1615,44.52,45,ANTONIO ANASTASIA,31.39,3.96,0.06,0.31,19.01,44.52,0.74,0.00
3149507,PEQUERI - MG,90.833,502,26,3,3,612,826,44,6,826,2022,40.85,45,ANTONIO ANASTASIA,24.83,1.29,0.15,0.15,30.27,40.85,2.18,0.30
3149606,PEQUI - MG,203.991,563,49,10,2,985,661,15,29,985,2314,42.57,30,ROMEU ZEMA,24.33,2.12,0.43,0.09,42.57,28.57,0.65,1.25
3149705,PERDIGÃO - MG,249.322,250,28,3,10,4099,831,31,22,4099,5274,77.72,30,ROMEU ZEMA,4.74,0.53,0.06,0.19,77.72,15.76,0.59,0.42
3149804,PERDIZES - MG,2451.112,763,18,3,6,5234,1733,19,18,5234,7794,67.15,30,ROMEU ZEMA,9.79,0.23,0.04,0.08,67.15,22.24,0.24,0.23
3149903,PERDÕES - MG,270.657,1302,1198,6,30,5351,2371,105,5,5351,10368,51.61,30,ROMEU ZEMA,12.56,11.55,0.06,0.29,51.61,22.87,1.01,0.05
3149952,PERIQUITO - MG,228.907,1409,51,4,4,572,1741,5,2,1741,3788,45.96,45,ANTONIO ANASTASIA,37.20,1.35,0.11,0.11,15.10,45.96,0.13,0.05
3150000,PESCADOR - MG,317.463,824,25,0,3,265,933,3,10,933,2063,45.23,45,ANTONIO ANASTASIA,39.94,1.21,0.00,0.15,12.85,45.23,0.15,0.48
3150109,PIAU - MG,192.196,653,23,0,2,546,593,17,1,653,1835,35.59,13,FERNANDO PIMENTEL,35.59,1.25,0.00,0.11,29.75,32.32,0.93,0.05
3150158,PIEDADE DE CARATINGA - MG,109.345,809,751,4,123,1127,1563,16,5,1563,4398,35.54,45,ANTONIO ANASTASIA,18.39,17.08,0.09,2.80,25.63,35.54,0.36,0.11
3150208,PIEDADE DE PONTE NOVA - MG,83.733,803,37,0,0,529,933,15,0,933,2317,40.27,45,ANTONIO ANASTASIA,34.66,1.60,0.00,0.00,22.83,40.27,0.65,0.00
3150307,PIEDADE DO RIO GRANDE - MG,322.814,692,37,14,12,606,729,19,4,729,2113,34.50,45,ANTONIO ANASTASIA,32.75,1.75,0.66,0.57,28.68,34.50,0.90,0.19
3150406,PIEDADE DOS GERAIS - MG,259.638,717,34,3,5,955,836,3,12,955,2565,37.23,30,ROMEU ZEMA,27.95,1.33,0.12,0.19,37.23,32.59,0.12,0.47
3150505,PIMENTA - MG,414.969,599,35,3,2,1965,1330,45,4,1965,3983,49.33,30,ROMEU ZEMA,15.04,0.88,0.08,0.05,49.33,33.39,1.13,0.10
3150539,PINGO-D'ÁGUA - MG,66.57,917,27,2,14,367,1119,5,1,1119,2452,45.64,45,ANTONIO ANASTASIA,37.40,1.10,0.08,0.57,14.97,45.64,0.20,0.04
3150570,PINTÓPOLIS - MG,1228.736,2103,231,0,2,496,806,1,1,2103,3640,57.77,13,FERNANDO PIMENTEL,57.77,6.35,0.00,0.05,13.63,22.14,0.03,0.03
3150604,PIRACEMA - MG,280.335,1127,214,4,7,1456,962,26,5,1456,3801,38.31,30,ROMEU ZEMA,29.65,5.63,0.11,0.18,38.31,25.31,0.68,0.13
3150703,PIRAJUBA - MG,337.98,480,14,2,1,1394,711,6,0,1394,2608,53.45,30,ROMEU ZEMA,18.40,0.54,0.08,0.04,53.45,27.26,0.23,0.00
3150802,PIRANGA - MG,658.812,2375,125,8,40,1936,2155,33,14,2375,6686,35.52,13,FERNANDO PIMENTEL,35.52,1.87,0.12,0.60,28.96,32.23,0.49,0.21
3150901,PIRANGUÇU - MG,203.619,402,27,7,18,1090,1517,16,5,1517,3082,49.22,45,ANTONIO ANASTASIA,13.04,0.88,0.23,0.58,35.37,49.22,0.52,0.16
3151008,PIRANGUINHO - MG,124.803,1046,35,8,25,1670,1602,66,8,1670,4460,37.44,30,ROMEU ZEMA,23.45,0.78,0.18,0.56,37.44,35.92,1.48,0.18
3151107,PIRAPETINGA - MG,190.681,1658,69,4,16,1672,2132,55,4,2132,5610,38.00,45,ANTONIO ANASTASIA,29.55,1.23,0.07,0.29,29.80,38.00,0.98,0.07
3151206,PIRAPORA - MG,549.514,5031,346,54,93,12480,5049,159,30,12480,23242,53.70,30,ROMEU ZEMA,21.65,1.49,0.23,0.40,53.70,21.72,0.68,0.13
3151305,PIRAÚBA - MG,144.289,1889,80,3,17,2295,1618,48,2,2295,5952,38.56,30,ROMEU ZEMA,31.74,1.34,0.05,0.29,38.56,27.18,0.81,0.03
3151404,PITANGUI - MG,569.636,1057,298,15,34,8180,4078,119,15,8180,13796,59.29,30,ROMEU ZEMA,7.66,2.16,0.11,0.25,59.29,29.56,0.86,0.11
3151503,PIUMHI - MG,902.468,1772,114,8,31,8124,4734,129,17,8124,14929,54.42,30,ROMEU ZEMA,11.87,0.76,0.05,0.21,54.42,31.71,0.86,0.11
3151602,PLANURA - MG,317.52,973,37,1,5,2996,800,13,4,2996,4829,62.04,30,ROMEU ZEMA,20.15,0.77,0.02,0.10,62.04,16.57,0.27,0.08
3151701,POÇO FUNDO - MG,474.244,2277,68,0,26,3118,2325,75,11,3118,7900,39.47,30,ROMEU ZEMA,28.82,0.86,0.00,0.33,39.47,29.43,0.95,0.14
3151800,POÇOS DE CALDAS - MG,546.958,9475,1809,60,516,35359,21590,1314,105,35359,70228,50.35,30,ROMEU ZEMA,13.49,2.58,0.09,0.73,50.35,30.74,1.87,0.15
3151909,POCRANE - MG,691.066,1690,55,0,6,1224,1705,5,0,1705,4685,36.39,45,ANTONIO ANASTASIA,36.07,1.17,0.00,0.13,26.13,36.39,0.11,0.00
3152006,POMPÉU - MG,2551.074,3146,117,7,22,7354,2819,77,12,7354,13554,54.26,30,ROMEU ZEMA,23.21,0.86,0.05,0.16,54.26,20.80,0.57,0.09
3152105,PONTE NOVA - MG,470.643,10962,534,26,197,8895,6051,450,40,10962,27155,40.37,13,FERNANDO PIMENTEL,40.37,1.97,0.10,0.73,32.76,22.28,1.66,0.15
3152131,PONTO CHIQUE - MG,602.799,1215,12,2,3,572,455,4,0,1215,2263,53.69,13,FERNANDO PIMENTEL,53.69,0.53,0.09,0.13,25.28,20.11,0.18,0.00
3152170,PONTO DOS VOLANTES - MG,1212.413,2061,53,1,16,468,2470,10,1,2470,5080,48.62,45,ANTONIO ANASTASIA,40.57,1.04,0.02,0.31,9.21,48.62,0.20,0.02
3152204,PORTEIRINHA - MG,1749.683,8203,103,6,84,6633,3521,51,16,8203,18617,44.06,13,FERNANDO PIMENTEL,44.06,0.55,0.03,0.45,35.63,18.91,0.27,0.09
3152303,PORTO FIRME - MG,284.777,2006,70,3,23,1375,1573,42,3,2006,5095,39.37,13,FERNANDO PIMENTEL,39.37,1.37,0.06,0.45,26.99,30.87,0.82,0.06
3152402,POTÉ - MG,625.111,2845,67,5,2,1251,2614,29,5,2845,6818,41.73,13,FERNANDO PIMENTEL,41.73,0.98,0.07,0.03,18.35,38.34,0.43,0.07
3152501,POUSO ALEGRE - MG,542.797,7223,1119,61,373,30986,23406,895,46,30986,64109,48.33,30,ROMEU ZEMA,11.27,1.75,0.10,0.58,48.33,36.51,1.40,0.07
3152600,POUSO ALTO - MG,263.034,418,23,0,21,945,2015,15,2,2015,3439,58.59,45,ANTONIO ANASTASIA,12.15,0.67,0.00,0.61,27.48,58.59,0.44,0.06
3152709,PRADOS - MG,264.115,1065,43,13,11,1432,1562,70,2,1562,4198,37.21,45,ANTONIO ANASTASIA,25.37,1.02,0.31,0.26,34.11,37.21,1.67,0.05
3152808,PRATA - MG,4847.544,2730,58,3,23,7440,2334,39,10,7440,12637,58.87,30,ROMEU ZEMA,21.60,0.46,0.02,0.18,58.87,18.47,0.31,0.08
3152907,PRATÁPOLIS - MG,215.516,687,43,2,8,2123,1583,29,2,2123,4477,47.42,30,ROMEU ZEMA,15.35,0.96,0.04,0.18,47.42,35.36,0.65,0.04
3153004,PRATINHA - MG,622.478,150,4,0,2,1258,458,4,8,1258,1884,66.77,30,ROMEU ZEMA,7.96,0.21,0.00,0.11,66.77,24.31,0.21,0.42
3153103,PRESIDENTE BERNARDES - MG,236.798,1221,34,3,7,569,1321,19,11,1321,3185,41.48,45,ANTONIO ANASTASIA,38.34,1.07,0.09,0.22,17.86,41.48,0.60,0.35
3153202,PRESIDENTE JUSCELINO - MG,695.882,643,29,4,2,452,1195,8,1,1195,2334,51.20,45,ANTONIO ANASTASIA,27.55,1.24,0.17,0.09,19.37,51.20,0.34,0.04
3153301,PRESIDENTE KUBITSCHEK - MG,189.235,727,26,3,2,286,687,9,0,727,1740,41.78,13,FERNANDO PIMENTEL,41.78,1.49,0.17,0.11,16.44,39.48,0.52,0.00
3153400,PRESIDENTE OLEGÁRIO - MG,3503.848,1397,69,6,26,5361,2620,25,10,5361,9514,56.35,30,ROMEU ZEMA,14.68,0.73,0.06,0.27,56.35,27.54,0.26,0.11
3153509,ALTO JEQUITIBÁ - MG,152.272,879,61,0,2,2134,1373,14,6,2134,4469,47.75,30,ROMEU ZEMA,19.67,1.36,0.00,0.04,47.75,30.72,0.31,0.13
3153608,PRUDENTE DE MORAIS - MG,124.189,1019,294,11,28,1527,1896,50,7,1896,4832,39.24,45,ANTONIO ANASTASIA,21.09,6.08,0.23,0.58,31.60,39.24,1.03,0.14
3153707,QUARTEL GERAL - MG,556.436,211,692,1,1,438,786,32,1,786,2162,36.36,45,ANTONIO ANASTASIA,9.76,32.01,0.05,0.05,20.26,36.36,1.48,0.05
3153806,QUELUZITO - MG,153.56,274,83,1,3,548,658,11,0,658,1578,41.70,45,ANTONIO ANASTASIA,17.36,5.26,0.06,0.19,34.73,41.70,0.70,0.00
3153905,RAPOSOS - MG,72.22799999999998,2265,464,21,68,3411,1934,113,17,3411,8293,41.13,30,ROMEU ZEMA,27.31,5.60,0.25,0.82,41.13,23.32,1.36,0.20
3154002,RAUL SOARES - MG,763.364,3692,134,11,21,3596,2950,68,17,3692,10489,35.20,13,FERNANDO PIMENTEL,35.20,1.28,0.10,0.20,34.28,28.12,0.65,0.16
3154101,RECREIO - MG,234.296,1958,49,8,13,1772,1047,30,4,1958,4881,40.11,13,FERNANDO PIMENTEL,40.11,1.00,0.16,0.27,36.30,21.45,0.61,0.08
3154150,REDUTO - MG,151.859,1195,85,0,7,1318,924,18,2,1318,3549,37.14,30,ROMEU ZEMA,33.67,2.40,0.00,0.20,37.14,26.04,0.51,0.06
3154200,RESENDE COSTA - MG,618.312,1377,106,15,25,1718,2048,93,6,2048,5388,38.01,45,ANTONIO ANASTASIA,25.56,1.97,0.28,0.46,31.89,38.01,1.73,0.11
3154309,RESPLENDOR - MG,1081.796,1252,123,1,18,4745,2113,12,4,4745,8268,57.39,30,ROMEU ZEMA,15.14,1.49,0.01,0.22,57.39,25.56,0.15,0.05
3154408,RESSAQUINHA - MG,183.062,907,80,2,27,785,877,8,3,907,2689,33.73,13,FERNANDO PIMENTEL,33.73,2.98,0.07,1.00,29.19,32.61,0.30,0.11
3154457,RIACHINHO - MG,1719.266,1508,27,0,3,844,1105,3,2,1508,3492,43.18,13,FERNANDO PIMENTEL,43.18,0.77,0.00,0.09,24.17,31.64,0.09,0.06
3154507,RIACHO DOS MACHADOS - MG,1315.54,2103,23,2,21,805,1374,6,5,2103,4339,48.47,13,FERNANDO PIMENTEL,48.47,0.53,0.05,0.48,18.55,31.67,0.14,0.12
3154606,RIBEIRÃO DAS NEVES - MG,155.105,31371,8181,287,1067,41107,36606,1865,475,41107,120959,33.98,30,ROMEU ZEMA,25.94,6.76,0.24,0.88,33.98,30.26,1.54,0.39
3154705,RIBEIRÃO VERMELHO - MG,49.251,248,21,6,5,723,943,22,1,943,1969,47.89,45,ANTONIO ANASTASIA,12.60,1.07,0.30,0.25,36.72,47.89,1.12,0.05
3154804,RIO ACIMA - MG,228.394,1038,316,13,55,1806,1798,106,19,1806,5151,35.06,30,ROMEU ZEMA,20.15,6.13,0.25,1.07,35.06,34.91,2.06,0.37
3154903,RIO CASCA - MG,384.381,1870,98,7,10,1794,2528,70,7,2528,6384,39.60,45,ANTONIO ANASTASIA,29.29,1.54,0.11,0.16,28.10,39.60,1.10,0.11
3155009,RIO DOCE - MG,112.094,677,22,0,5,238,446,10,4,677,1402,48.29,13,FERNANDO PIMENTEL,48.29,1.57,0.00,0.36,16.98,31.81,0.71,0.29
3155108,RIO DO PRADO - MG,479.815,1716,47,3,0,220,576,9,2,1716,2573,66.69,13,FERNANDO PIMENTEL,66.69,1.83,0.12,0.00,8.55,22.39,0.35,0.08
3155207,RIO ESPERA - MG,238.602,910,29,0,6,627,1623,18,3,1623,3216,50.47,45,ANTONIO ANASTASIA,28.30,0.90,0.00,0.19,19.50,50.47,0.56,0.09
3155306,RIO MANSO - MG,231.54,770,62,3,3,1160,853,18,5,1160,2874,40.36,30,ROMEU ZEMA,26.79,2.16,0.10,0.10,40.36,29.68,0.63,0.17
3155405,RIO NOVO - MG,209.31,853,96,5,15,1669,1579,64,2,1669,4283,38.97,30,ROMEU ZEMA,19.92,2.24,0.12,0.35,38.97,36.87,1.49,0.05
3155504,RIO PARANAÍBA - MG,1352.353,961,94,1,9,2602,2093,44,5,2602,5809,44.79,30,ROMEU ZEMA,16.54,1.62,0.02,0.15,44.79,36.03,0.76,0.09
3155603,RIO PARDO DE MINAS - MG,3117.675,5479,102,5,23,2996,3554,18,8,5479,12185,44.97,13,FERNANDO PIMENTEL,44.97,0.84,0.04,0.19,24.59,29.17,0.15,0.07
3155702,RIO PIRACICABA - MG,373.037,2370,146,2,47,2483,1940,72,12,2483,7072,35.11,30,ROMEU ZEMA,33.51,2.06,0.03,0.66,35.11,27.43,1.02,0.17
3155801,RIO POMBA - MG,252.418,1926,206,12,60,3677,2104,151,18,3677,8154,45.09,30,ROMEU ZEMA,23.62,2.53,0.15,0.74,45.09,25.80,1.85,0.22
3155900,RIO PRETO - MG,348.046,1154,56,6,15,685,1403,42,4,1403,3365,41.69,45,ANTONIO ANASTASIA,34.29,1.66,0.18,0.45,20.36,41.69,1.25,0.12
3156007,RIO VERMELHO - MG,986.561,2792,72,3,9,610,1837,22,4,2792,5349,52.20,13,FERNANDO PIMENTEL,52.20,1.35,0.06,0.17,11.40,34.34,0.41,0.07
3156106,RITÁPOLIS - MG,404.805,555,33,27,11,659,1122,77,2,1122,2486,45.13,45,ANTONIO ANASTASIA,22.33,1.33,1.09,0.44,26.51,45.13,3.10,0.08
3156205,ROCHEDO DE MINAS - MG,79.402,415,16,2,3,557,474,22,0,557,1489,37.41,30,ROMEU ZEMA,27.87,1.07,0.13,0.20,37.41,31.83,1.48,0.00
3156304,RODEIRO - MG,72.673,800,21,3,11,2147,1249,22,4,2147,4257,50.43,30,ROMEU ZEMA,18.79,0.49,0.07,0.26,50.43,29.34,0.52,0.09
3156403,ROMARIA - MG,407.557,502,11,2,2,1023,565,3,4,1023,2112,48.44,30,ROMEU ZEMA,23.77,0.52,0.09,0.09,48.44,26.75,0.14,0.19
3156452,ROSÁRIO DA LIMEIRA - MG,111.156,1268,30,2,62,819,712,9,2,1268,2904,43.66,13,FERNANDO PIMENTEL,43.66,1.03,0.07,2.13,28.20,24.52,0.31,0.07
3156502,RUBELITA - MG,1110.295,2534,61,1,4,583,1039,2,5,2534,4229,59.92,13,FERNANDO PIMENTEL,59.92,1.44,0.02,0.09,13.79,24.57,0.05,0.12
3156601,RUBIM - MG,965.174,1572,158,1,8,343,1680,11,1,1680,3774,44.52,45,ANTONIO ANASTASIA,41.65,4.19,0.03,0.21,9.09,44.52,0.29,0.03
3156700,SABARÁ - MG,302.453,10178,3002,143,587,21057,18965,1400,173,21057,55505,37.94,30,ROMEU ZEMA,18.34,5.41,0.26,1.06,37.94,34.17,2.52,0.31
3156809,SABINÓPOLIS - MG,919.811,3560,119,13,13,1278,1368,38,10,3560,6399,55.63,13,FERNANDO PIMENTEL,55.63,1.86,0.20,0.20,19.97,21.38,0.59,0.16
3156908,SACRAMENTO - MG,3073.268,1442,53,4,24,8748,1952,85,7,8748,12315,71.04,30,ROMEU ZEMA,11.71,0.43,0.03,0.19,71.04,15.85,0.69,0.06
3157005,SALINAS - MG,1862.117,7911,172,5,43,6249,5027,79,9,7911,19495,40.58,13,FERNANDO PIMENTEL,40.58,0.88,0.03,0.22,32.05,25.79,0.41,0.05
3157104,SALTO DA DIVISA - MG,938.008,1409,30,0,3,225,1249,4,0,1409,2920,48.25,13,FERNANDO PIMENTEL,48.25,1.03,0.00,0.10,7.71,42.77,0.14,0.00
3157203,SANTA BÁRBARA - MG,684.505,3986,394,25,173,4801,4711,209,20,4801,14319,33.53,30,ROMEU ZEMA,27.84,2.75,0.17,1.21,33.53,32.90,1.46,0.14
3157252,SANTA BÁRBARA DO LESTE - MG,107.402,1350,195,3,33,1460,876,7,3,1460,3927,37.18,30,ROMEU ZEMA,34.38,4.97,0.08,0.84,37.18,22.31,0.18,0.08
3157278,SANTA BÁRBARA DO MONTE VERDE - MG,417.925,771,4,2,2,448,863,20,5,863,2115,40.80,45,ANTONIO ANASTASIA,36.45,0.19,0.09,0.09,21.18,40.80,0.95,0.24
3157302,SANTA BÁRBARA DO TUGÚRIO - MG,194.564,1080,14,0,4,577,957,10,2,1080,2644,40.85,13,FERNANDO PIMENTEL,40.85,0.53,0.00,0.15,21.82,36.20,0.38,0.08
3157336,SANTA CRUZ DE MINAS - MG,3.565,540,109,233,20,1382,1548,58,4,1548,3894,39.75,45,ANTONIO ANASTASIA,13.87,2.80,5.98,0.51,35.49,39.75,1.49,0.10
3157377,SANTA CRUZ DE SALINAS - MG,589.607,1708,25,0,8,211,457,8,4,1708,2421,70.55,13,FERNANDO PIMENTEL,70.55,1.03,0.00,0.33,8.72,18.88,0.33,0.17
3157401,SANTA CRUZ DO ESCALVADO - MG,258.726,1448,46,3,6,502,968,8,0,1448,2981,48.57,13,FERNANDO PIMENTEL,48.57,1.54,0.10,0.20,16.84,32.47,0.27,0.00
3157500,SANTA EFIGÊNIA DE MINAS - MG,131.965,580,47,1,2,335,964,9,0,964,1938,49.74,45,ANTONIO ANASTASIA,29.93,2.43,0.05,0.10,17.29,49.74,0.46,0.00
3157609,SANTA FÉ DE MINAS - MG,2917.448,988,16,1,0,228,800,1,1,988,2035,48.55,13,FERNANDO PIMENTEL,48.55,0.79,0.05,0.00,11.20,39.31,0.05,0.05
3157658,SANTA HELENA DE MINAS - MG,276.433,1788,80,5,5,246,954,8,2,1788,3088,57.90,13,FERNANDO PIMENTEL,57.90,2.59,0.16,0.16,7.97,30.89,0.26,0.06
3157708,SANTA JULIANA - MG,723.784,857,30,2,7,3535,1328,14,5,3535,5778,61.18,30,ROMEU ZEMA,14.83,0.52,0.03,0.12,61.18,22.98,0.24,0.09
3157807,SANTA LUZIA - MG,235.205,20000,5982,257,948,33393,34560,2011,249,34560,97400,35.48,45,ANTONIO ANASTASIA,20.53,6.14,0.26,0.97,34.28,35.48,2.06,0.26
3157906,SANTA MARGARIDA - MG,255.73,3462,116,3,18,1655,3055,10,2,3462,8321,41.61,13,FERNANDO PIMENTEL,41.61,1.39,0.04,0.22,19.89,36.71,0.12,0.02
3158003,SANTA MARIA DE ITABIRA - MG,597.441,1828,98,3,33,1096,1982,30,13,1982,5083,38.99,45,ANTONIO ANASTASIA,35.96,1.93,0.06,0.65,21.56,38.99,0.59,0.26
3158102,SANTA MARIA DO SALTO - MG,440.605,625,25,1,4,336,1311,0,0,1311,2302,56.95,45,ANTONIO ANASTASIA,27.15,1.09,0.04,0.17,14.60,56.95,0.00,0.00
3158201,SANTA MARIA DO SUAÇUÍ - MG,624.047,2720,71,2,13,1951,1684,26,49,2720,6516,41.74,13,FERNANDO PIMENTEL,41.74,1.09,0.03,0.20,29.94,25.84,0.40,0.75
3158300,SANTANA DA VARGEM - MG,172.444,1104,42,2,8,1830,941,18,4,1830,3949,46.34,30,ROMEU ZEMA,27.96,1.06,0.05,0.20,46.34,23.83,0.46,0.10
3158409,SANTANA DE CATAGUASES - MG,161.486,548,27,3,2,736,890,18,1,890,2225,40.00,45,ANTONIO ANASTASIA,24.63,1.21,0.13,0.09,33.08,40.00,0.81,0.04
3158508,SANTANA DE PIRAPAMA - MG,1255.832,1120,177,1,20,1131,1948,18,3,1948,4418,44.09,45,ANTONIO ANASTASIA,25.35,4.01,0.02,0.45,25.60,44.09,0.41,0.07
3158607,SANTANA DO DESERTO - MG,182.655,526,25,0,6,282,1195,30,7,1195,2071,57.70,45,ANTONIO ANASTASIA,25.40,1.21,0.00,0.29,13.62,57.70,1.45,0.34
3158706,SANTANA DO GARAMBÉU - MG,203.074,278,18,1,4,232,855,7,1,855,1396,61.25,45,ANTONIO ANASTASIA,19.91,1.29,0.07,0.29,16.62,61.25,0.50,0.07
3158805,SANTANA DO JACARÉ - MG,106.169,325,128,2,1,1008,713,5,3,1008,2185,46.13,30,ROMEU ZEMA,14.87,5.86,0.09,0.05,46.13,32.63,0.23,0.14
3158904,SANTANA DO MANHUAÇU - MG,347.362,1871,140,2,5,1385,1066,6,2,1871,4477,41.79,13,FERNANDO PIMENTEL,41.79,3.13,0.04,0.11,30.94,23.81,0.13,0.04
3158953,SANTANA DO PARAÍSO - MG,276.067,2366,188,21,51,6174,3948,92,21,6174,12861,48.01,30,ROMEU ZEMA,18.40,1.46,0.16,0.40,48.01,30.70,0.72,0.16
3159001,SANTANA DO RIACHO - MG,677.207,625,85,2,9,575,1665,35,3,1665,2999,55.52,45,ANTONIO ANASTASIA,20.84,2.83,0.07,0.30,19.17,55.52,1.17,0.10
3159100,SANTANA DOS MONTES - MG,196.565,661,25,3,1,413,997,4,6,997,2110,47.25,45,ANTONIO ANASTASIA,31.33,1.18,0.14,0.05,19.57,47.25,0.19,0.28
3159209,SANTA RITA DE CALDAS - MG,503.011,540,38,1,13,1853,2226,27,2,2226,4700,47.36,45,ANTONIO ANASTASIA,11.49,0.81,0.02,0.28,39.43,47.36,0.57,0.04
3159308,SANTA RITA DE JACUTINGA - MG,420.94,851,56,3,10,545,1154,32,3,1154,2654,43.48,45,ANTONIO ANASTASIA,32.06,2.11,0.11,0.38,20.54,43.48,1.21,0.11
3159357,SANTA RITA DE MINAS - MG,68.153,673,102,1,90,1170,1331,24,10,1331,3401,39.14,45,ANTONIO ANASTASIA,19.79,3.00,0.03,2.65,34.40,39.14,0.71,0.29
3159407,SANTA RITA DE IBITIPOCA - MG,324.234,628,26,5,3,586,790,14,0,790,2052,38.50,45,ANTONIO ANASTASIA,30.60,1.27,0.24,0.15,28.56,38.50,0.68,0.00
3159506,SANTA RITA DO ITUETO - MG,485.081,925,222,1,13,911,1126,7,1,1126,3206,35.12,45,ANTONIO ANASTASIA,28.85,6.92,0.03,0.41,28.42,35.12,0.22,0.03
3159605,SANTA RITA DO SAPUCAÍ - MG,352.969,885,267,16,97,9181,8778,213,8,9181,19445,47.22,30,ROMEU ZEMA,4.55,1.37,0.08,0.50,47.22,45.14,1.10,0.04
3159704,SANTA ROSA DA SERRA - MG,284.334,559,13,0,1,1258,137,15,4,1258,1987,63.31,30,ROMEU ZEMA,28.13,0.65,0.00,0.05,63.31,6.89,0.75,0.20
3159803,SANTA VITÓRIA - MG,2998.364,3464,128,2,7,5845,1539,40,5,5845,11030,52.99,30,ROMEU ZEMA,31.41,1.16,0.02,0.06,52.99,13.95,0.36,0.05
3159902,SANTO ANTÔNIO DO AMPARO - MG,488.885,2499,110,5,6,3171,2405,41,7,3171,8244,38.46,30,ROMEU ZEMA,30.31,1.33,0.06,0.07,38.46,29.17,0.50,0.08
3160009,SANTO ANTÔNIO DO AVENTUREIRO - MG,202.032,369,32,3,6,710,1087,10,5,1087,2222,48.92,45,ANTONIO ANASTASIA,16.61,1.44,0.14,0.27,31.95,48.92,0.45,0.23
3160108,SANTO ANTÔNIO DO GRAMA - MG,130.213,639,22,3,2,487,1227,15,3,1227,2398,51.17,45,ANTONIO ANASTASIA,26.65,0.92,0.13,0.08,20.31,51.17,0.63,0.13
3160207,SANTO ANTÔNIO DO ITAMBÉ - MG,305.737,1024,35,2,2,116,661,15,4,1024,1859,55.08,13,FERNANDO PIMENTEL,55.08,1.88,0.11,0.11,6.24,35.56,0.81,0.22
3160306,SANTO ANTÔNIO DO JACINTO - MG,503.706,2326,22,2,5,646,2046,7,6,2326,5060,45.97,13,FERNANDO PIMENTEL,45.97,0.43,0.04,0.10,12.77,40.43,0.14,0.12
3160405,SANTO ANTÔNIO DO MONTE - MG,1125.78,685,67,6,25,7765,4095,62,6,7765,12711,61.09,30,ROMEU ZEMA,5.39,0.53,0.05,0.20,61.09,32.22,0.49,0.05
3160454,SANTO ANTÔNIO DO RETIRO - MG,796.2899999999998,2381,13,1,1,413,724,4,3,2381,3540,67.26,13,FERNANDO PIMENTEL,67.26,0.37,0.03,0.03,11.67,20.45,0.11,0.08
3160504,SANTO ANTÔNIO DO RIO ABAIXO - MG,107.269,340,18,2,3,255,555,8,0,555,1181,46.99,45,ANTONIO ANASTASIA,28.79,1.52,0.17,0.25,21.59,46.99,0.68,0.00
3160603,SANTO HIPÓLITO - MG,430.656,590,49,0,4,431,665,5,0,665,1744,38.13,45,ANTONIO ANASTASIA,33.83,2.81,0.00,0.23,24.71,38.13,0.29,0.00
3160702,SANTOS DUMONT - MG,637.373,7824,443,36,162,8433,5292,515,37,8433,22742,37.08,30,ROMEU ZEMA,34.40,1.95,0.16,0.71,37.08,23.27,2.26,0.16
3160801,SÃO BENTO ABADE - MG,80.403,694,20,1,3,530,1237,21,1,1237,2507,49.34,45,ANTONIO ANASTASIA,27.68,0.80,0.04,0.12,21.14,49.34,0.84,0.04
3160900,SÃO BRÁS DO SUAÇUÍ - MG,110.019,486,34,4,19,558,695,39,2,695,1837,37.83,45,ANTONIO ANASTASIA,26.46,1.85,0.22,1.03,30.38,37.83,2.12,0.11
3160959,SÃO DOMINGOS DAS DORES - MG,60.865,1020,83,2,17,1037,1026,12,4,1037,3201,32.40,30,ROMEU ZEMA,31.87,2.59,0.06,0.53,32.40,32.05,0.37,0.12
3161007,SÃO DOMINGOS DO PRATA - MG,743.768,3085,232,11,60,2458,2622,60,42,3085,8570,36.00,13,FERNANDO PIMENTEL,36.00,2.71,0.13,0.70,28.68,30.60,0.70,0.49
3161056,SÃO FÉLIX DE MINAS - MG,162.56,532,43,0,2,616,949,1,4,949,2147,44.20,45,ANTONIO ANASTASIA,24.78,2.00,0.00,0.09,28.69,44.20,0.05,0.19
3161106,SÃO FRANCISCO - MG,3308.1,13814,216,2,66,6809,3246,49,54,13814,24256,56.95,13,FERNANDO PIMENTEL,56.95,0.89,0.01,0.27,28.07,13.38,0.20,0.22
3161205,SÃO FRANCISCO DE PAULA - MG,316.822,862,30,1,5,1654,1302,18,2,1654,3874,42.69,30,ROMEU ZEMA,22.25,0.77,0.03,0.13,42.69,33.61,0.46,0.05
3161304,SÃO FRANCISCO DE SALES - MG,1128.864,1350,8,1,1,1543,315,8,1,1543,3227,47.82,30,ROMEU ZEMA,41.83,0.25,0.03,0.03,47.82,9.76,0.25,0.03
3161403,SÃO FRANCISCO DO GLÓRIA - MG,164.613,1414,20,0,46,689,661,4,1,1414,2835,49.88,13,FERNANDO PIMENTEL,49.88,0.71,0.00,1.62,24.30,23.32,0.14,0.04
3161502,SÃO GERALDO - MG,185.578,1364,78,5,14,1191,1470,29,6,1470,4157,35.36,45,ANTONIO ANASTASIA,32.81,1.88,0.12,0.34,28.65,35.36,0.70,0.14
3161601,SÃO GERALDO DA PIEDADE - MG,152.336,817,168,1,1,529,600,8,3,817,2127,38.41,13,FERNANDO PIMENTEL,38.41,7.90,0.05,0.05,24.87,28.21,0.38,0.14
3161650,SÃO GERALDO DO BAIXIO - MG,280.954,630,87,1,1,316,902,2,45,902,1984,45.46,45,ANTONIO ANASTASIA,31.75,4.39,0.05,0.05,15.93,45.46,0.10,2.27
3161700,SÃO GONÇALO DO ABAETÉ - MG,2692.545,586,27,1,11,1375,1133,7,2,1375,3142,43.76,30,ROMEU ZEMA,18.65,0.86,0.03,0.35,43.76,36.06,0.22,0.06
3161809,SÃO GONÇALO DO PARÁ - MG,265.73,539,70,1,11,3391,1279,51,9,3391,5351,63.37,30,ROMEU ZEMA,10.07,1.31,0.02,0.21,63.37,23.90,0.95,0.17
3161908,SÃO GONÇALO DO RIO ABAIXO - MG,363.828,990,132,4,34,2360,3090,54,6,3090,6670,46.33,45,ANTONIO ANASTASIA,14.84,1.98,0.06,0.51,35.38,46.33,0.81,0.09
3162005,SÃO GONÇALO DO SAPUCAÍ - MG,516.683,1618,203,3,24,5234,4669,83,11,5234,11845,44.19,30,ROMEU ZEMA,13.66,1.71,0.03,0.20,44.19,39.42,0.70,0.09
3162104,SÃO GOTARDO - MG,866.087,1940,150,3,35,9159,3136,90,26,9159,14539,63.00,30,ROMEU ZEMA,13.34,1.03,0.02,0.24,63.00,21.57,0.62,0.18
3162203,SÃO JOÃO BATISTA DO GLÓRIA - MG,547.908,505,26,0,8,1393,1994,14,4,1994,3944,50.56,45,ANTONIO ANASTASIA,12.80,0.66,0.00,0.20,35.32,50.56,0.35,0.10
3162252,SÃO JOÃO DA LAGOA - MG,998.015,1475,26,1,8,782,680,13,2,1475,2987,49.38,13,FERNANDO PIMENTEL,49.38,0.87,0.03,0.27,26.18,22.77,0.44,0.07
3162302,SÃO JOÃO DA MATA - MG,120.536,230,19,3,10,861,809,12,1,861,1945,44.27,30,ROMEU ZEMA,11.83,0.98,0.15,0.51,44.27,41.59,0.62,0.05
3162401,SÃO JOÃO DA PONTE - MG,1851.102,8709,69,1,14,1937,2197,32,4,8709,12963,67.18,13,FERNANDO PIMENTEL,67.18,0.53,0.01,0.11,14.94,16.95,0.25,0.03
3162450,SÃO JOÃO DAS MISSÕES - MG,678.274,3789,15,0,5,533,1541,7,17,3789,5907,64.14,13,FERNANDO PIMENTEL,64.14,0.25,0.00,0.08,9.02,26.09,0.12,0.29
3162500,SÃO JOÃO DEL REI - MG,1452.002,5755,1058,2590,265,14624,15455,980,59,15455,40786,37.89,45,ANTONIO ANASTASIA,14.11,2.59,6.35,0.65,35.86,37.89,2.40,0.14
3162559,SÃO JOÃO DO MANHUAÇU - MG,143.096,2855,106,1,11,1058,1792,9,1,2855,5833,48.95,13,FERNANDO PIMENTEL,48.95,1.82,0.02,0.19,18.14,30.72,0.15,0.02
3162575,SÃO JOÃO DO MANTENINHA - MG,137.928,1149,42,0,7,1058,946,3,0,1149,3205,35.85,13,FERNANDO PIMENTEL,35.85,1.31,0.00,0.22,33.01,29.52,0.09,0.00
3162609,SÃO JOÃO DO ORIENTE - MG,120.122,1149,1048,2,27,1331,941,17,10,1331,4525,29.41,30,ROMEU ZEMA,25.39,23.16,0.04,0.60,29.41,20.80,0.38,0.22
3162658,SÃO JOÃO DO PACUÍ - MG,415.922,1515,41,0,12,497,357,3,3,1515,2428,62.40,13,FERNANDO PIMENTEL,62.40,1.69,0.00,0.49,20.47,14.70,0.12,0.12
3162708,SÃO JOÃO DO PARAÍSO - MG,1925.575,2522,107,6,14,2504,3137,24,12,3137,8326,37.68,45,ANTONIO ANASTASIA,30.29,1.29,0.07,0.17,30.07,37.68,0.29,0.14
3162807,SÃO JOÃO EVANGELISTA - MG,478.183,3566,71,6,10,1670,1971,49,5,3566,7348,48.53,13,FERNANDO PIMENTEL,48.53,0.97,0.08,0.14,22.73,26.82,0.67,0.07
3162906,SÃO JOÃO NEPOMUCENO - MG,407.427,2366,208,13,66,6282,3321,255,11,6282,12522,50.17,30,ROMEU ZEMA,18.89,1.66,0.10,0.53,50.17,26.52,2.04,0.09
3162922,SÃO JOAQUIM DE BICAS - MG,71.758,3567,666,29,73,4067,2844,110,26,4067,11382,35.73,30,ROMEU ZEMA,31.34,5.85,0.25,0.64,35.73,24.99,0.97,0.23
3162948,SÃO JOSÉ DA BARRA - MG,308.319,647,25,2,6,1868,1277,26,28,1868,3879,48.16,30,ROMEU ZEMA,16.68,0.64,0.05,0.15,48.16,32.92,0.67,0.72
3162955,SÃO JOSÉ DA LAPA - MG,47.93,2394,867,18,115,4942,3471,195,33,4942,12035,41.06,30,ROMEU ZEMA,19.89,7.20,0.15,0.96,41.06,28.84,1.62,0.27
3163003,SÃO JOSÉ DA SAFIRA - MG,213.881,840,27,1,3,244,1322,3,2,1322,2442,54.14,45,ANTONIO ANASTASIA,34.40,1.11,0.04,0.12,9.99,54.14,0.12,0.08
3163102,SÃO JOSÉ DA VARGINHA - MG,205.501,397,72,0,8,944,688,9,0,944,2118,44.57,30,ROMEU ZEMA,18.74,3.40,0.00,0.38,44.57,32.48,0.42,0.00
3163201,SÃO JOSÉ DO ALEGRE - MG,88.79399999999998,279,12,0,8,826,1051,15,1,1051,2192,47.95,45,ANTONIO ANASTASIA,12.73,0.55,0.00,0.36,37.68,47.95,0.68,0.05
3163300,SÃO JOSÉ DO DIVINO - MG,328.704,440,56,0,4,599,1083,3,0,1083,2185,49.57,45,ANTONIO ANASTASIA,20.14,2.56,0.00,0.18,27.41,49.57,0.14,0.00
3163409,SÃO JOSÉ DO GOIABAL - MG,189.578,1264,45,1,14,633,859,27,6,1264,2849,44.37,13,FERNANDO PIMENTEL,44.37,1.58,0.04,0.49,22.22,30.15,0.95,0.21
3163508,SÃO JOSÉ DO JACURI - MG,345.146,1198,58,2,15,505,1053,11,7,1198,2849,42.05,13,FERNANDO PIMENTEL,42.05,2.04,0.07,0.53,17.73,36.96,0.39,0.25
3163607,SÃO JOSÉ DO MANTIMENTO - MG,54.701,563,76,0,4,399,670,6,0,670,1718,39.00,45,ANTONIO ANASTASIA,32.77,4.42,0.00,0.23,23.22,39.00,0.35,0.00
3163706,SÃO LOURENÇO - MG,58.019,1632,393,17,153,10698,7674,225,25,10698,20817,51.39,30,ROMEU ZEMA,7.84,1.89,0.08,0.73,51.39,36.86,1.08,0.12
3163805,SÃO MIGUEL DO ANTA - MG,152.111,1904,41,2,7,856,891,41,1,1904,3743,50.87,13,FERNANDO PIMENTEL,50.87,1.10,0.05,0.19,22.87,23.80,1.10,0.03
3163904,SÃO PEDRO DA UNIÃO - MG,260.827,518,3,2,29,890,978,11,5,978,2436,40.15,45,ANTONIO ANASTASIA,21.26,0.12,0.08,1.19,36.54,40.15,0.45,0.21
3164001,SÃO PEDRO DOS FERROS - MG,402.739,1637,47,2,14,1114,863,20,1,1637,3698,44.27,13,FERNANDO PIMENTEL,44.27,1.27,0.05,0.38,30.12,23.34,0.54,0.03
3164100,SÃO PEDRO DO SUAÇUÍ - MG,308.106,978,23,0,11,669,1119,4,5,1119,2809,39.84,45,ANTONIO ANASTASIA,34.82,0.82,0.00,0.39,23.82,39.84,0.14,0.18
3164209,SÃO ROMÃO - MG,2434.004,2102,38,2,2,577,1084,8,0,2102,3813,55.13,13,FERNANDO PIMENTEL,55.13,1.00,0.05,0.05,15.13,28.43,0.21,0.00
3164308,SÃO ROQUE DE MINAS - MG,2098.867,326,15,2,4,2208,966,8,0,2208,3529,62.57,30,ROMEU ZEMA,9.24,0.43,0.06,0.11,62.57,27.37,0.23,0.00
3164407,SÃO SEBASTIÃO DA BELA VISTA - MG,167.428,357,21,3,3,951,2227,10,0,2227,3572,62.35,45,ANTONIO ANASTASIA,9.99,0.59,0.08,0.08,26.62,62.35,0.28,0.00
3164431,SÃO SEBASTIÃO DA VARGEM ALEGRE - MG,73.629,461,13,1,1,482,712,5,0,712,1675,42.51,45,ANTONIO ANASTASIA,27.52,0.78,0.06,0.06,28.78,42.51,0.30,0.00
3164472,SÃO SEBASTIÃO DO ANTA - MG,80.61799999999998,859,320,3,18,760,1221,7,1,1221,3189,38.29,45,ANTONIO ANASTASIA,26.94,10.03,0.09,0.56,23.83,38.29,0.22,0.03
3164506,SÃO SEBASTIÃO DO MARANHÃO - MG,517.83,1425,51,0,7,536,2491,5,1,2491,4516,55.16,45,ANTONIO ANASTASIA,31.55,1.13,0.00,0.16,11.87,55.16,0.11,0.02
3164605,SÃO SEBASTIÃO DO OESTE - MG,408.09,716,39,0,1,2757,746,18,4,2757,4281,64.40,30,ROMEU ZEMA,16.73,0.91,0.00,0.02,64.40,17.43,0.42,0.09
3164704,SÃO SEBASTIÃO DO PARAÍSO - MG,814.9249999999998,4046,737,37,92,18209,6276,355,61,18209,29813,61.08,30,ROMEU ZEMA,13.57,2.47,0.12,0.31,61.08,21.05,1.19,0.20
3164803,SÃO SEBASTIÃO DO RIO PRETO - MG,128.002,277,10,2,0,170,486,5,0,486,950,51.16,45,ANTONIO ANASTASIA,29.16,1.05,0.21,0.00,17.89,51.16,0.53,0.00
3164902,SÃO SEBASTIÃO DO RIO VERDE - MG,90.84800000000001,233,9,1,7,345,690,9,0,690,1294,53.32,45,ANTONIO ANASTASIA,18.01,0.70,0.08,0.54,26.66,53.32,0.70,0.00
3165008,SÃO TIAGO - MG,572.4,758,76,8,23,1815,2467,65,7,2467,5219,47.27,45,ANTONIO ANASTASIA,14.52,1.46,0.15,0.44,34.78,47.27,1.25,0.13
3165107,SÃO TOMÁS DE AQUINO - MG,277.928,662,24,0,18,1502,1309,24,2,1502,3541,42.42,30,ROMEU ZEMA,18.70,0.68,0.00,0.51,42.42,36.97,0.68,0.06
3165206,SÃO TOMÉ DAS LETRAS - MG,369.747,1120,22,4,9,787,908,72,4,1120,2926,38.28,13,FERNANDO PIMENTEL,38.28,0.75,0.14,0.31,26.90,31.03,2.46,0.14
3165305,SÃO VICENTE DE MINAS - MG,392.651,460,34,0,11,1341,1715,37,5,1715,3603,47.60,45,ANTONIO ANASTASIA,12.77,0.94,0.00,0.31,37.22,47.60,1.03,0.14
3165404,SAPUCAÍ-MIRIM - MG,285.073,455,33,1,7,768,1860,25,6,1860,3155,58.95,45,ANTONIO ANASTASIA,14.42,1.05,0.03,0.22,24.34,58.95,0.79,0.19
3165503,SARDOÁ - MG,141.904,774,30,1,5,583,918,7,2,918,2320,39.57,45,ANTONIO ANASTASIA,33.36,1.29,0.04,0.22,25.13,39.57,0.30,0.09
3165537,SARZEDO - MG,62.134,2742,712,44,153,5687,3964,170,33,5687,13505,42.11,30,ROMEU ZEMA,20.30,5.27,0.33,1.13,42.11,29.35,1.26,0.24
3165552,SETUBINHA - MG,534.655,2378,51,9,3,467,1479,8,15,2378,4410,53.92,13,FERNANDO PIMENTEL,53.92,1.16,0.20,0.07,10.59,33.54,0.18,0.34
3165560,SEM-PEIXE - MG,176.634,741,29,0,5,477,663,16,6,741,1937,38.26,13,FERNANDO PIMENTEL,38.26,1.50,0.00,0.26,24.63,34.23,0.83,0.31
3165578,SENADOR AMARAL - MG,151.097,1048,25,0,9,1149,1081,6,1,1149,3319,34.62,30,ROMEU ZEMA,31.58,0.75,0.00,0.27,34.62,32.57,0.18,0.03
3165602,SENADOR CORTES - MG,98.33600000000001,335,19,1,9,390,855,13,1,855,1623,52.68,45,ANTONIO ANASTASIA,20.64,1.17,0.06,0.55,24.03,52.68,0.80,0.06
3165701,SENADOR FIRMINO - MG,166.495,1571,29,2,18,1216,1111,27,11,1571,3985,39.42,13,FERNANDO PIMENTEL,39.42,0.73,0.05,0.45,30.51,27.88,0.68,0.28
3165800,SENADOR JOSÉ BENTO - MG,93.892,181,258,0,2,506,514,5,3,514,1469,34.99,45,ANTONIO ANASTASIA,12.32,17.56,0.00,0.14,34.45,34.99,0.34,0.20
3165909,SENADOR MODESTINO GONÇALVES - MG,952.055,784,12,0,3,394,1129,15,0,1129,2337,48.31,45,ANTONIO ANASTASIA,33.55,0.51,0.00,0.13,16.86,48.31,0.64,0.00
3166006,SENHORA DE OLIVEIRA - MG,170.749,1696,32,1,1,917,755,13,4,1696,3419,49.61,13,FERNANDO PIMENTEL,49.61,0.94,0.03,0.03,26.82,22.08,0.38,0.12
3166105,SENHORA DO PORTO - MG,381.328,536,33,0,6,487,775,10,18,775,1865,41.55,45,ANTONIO ANASTASIA,28.74,1.77,0.00,0.32,26.11,41.55,0.54,0.97
3166204,SENHORA DOS REMÉDIOS - MG,237.815,1829,373,2,29,1041,1753,21,3,1829,5051,36.21,13,FERNANDO PIMENTEL,36.21,7.38,0.04,0.57,20.61,34.71,0.42,0.06
3166303,SERICITA - MG,166.012,1685,33,0,3,480,2422,12,1,2422,4636,52.24,45,ANTONIO ANASTASIA,36.35,0.71,0.00,0.06,10.35,52.24,0.26,0.02
3166402,SERITINGA - MG,114.769,174,14,2,0,383,540,5,0,540,1118,48.30,45,ANTONIO ANASTASIA,15.56,1.25,0.18,0.00,34.26,48.30,0.45,0.00
3166501,SERRA AZUL DE MINAS - MG,218.595,627,10,0,2,140,1111,3,2,1111,1895,58.63,45,ANTONIO ANASTASIA,33.09,0.53,0.00,0.11,7.39,58.63,0.16,0.11
3166600,SERRA DA SAUDADE - MG,335.659,66,4,0,0,413,236,1,1,413,721,57.28,30,ROMEU ZEMA,9.15,0.55,0.00,0.00,57.28,32.73,0.14,0.14
3166709,SERRA DOS AIMORÉS - MG,213.574,1263,52,3,6,620,1263,4,1,1263,3212,39.32,13,FERNANDO PIMENTEL,39.32,1.62,0.09,0.19,19.30,39.32,0.12,0.03
3166808,SERRA DO SALITRE - MG,1295.272,1046,22,0,3,3139,1234,20,16,3139,5480,57.28,30,ROMEU ZEMA,19.09,0.40,0.00,0.05,57.28,22.52,0.36,0.29
3166907,SERRANIA - MG,209.27,1171,33,1,12,1125,1701,11,1,1701,4055,41.95,45,ANTONIO ANASTASIA,28.88,0.81,0.02,0.30,27.74,41.95,0.27,0.02
3166956,SERRANÓPOLIS DE MINAS - MG,551.954,1364,12,1,1,391,726,1,3,1364,2499,54.58,13,FERNANDO PIMENTEL,54.58,0.48,0.04,0.04,15.65,29.05,0.04,0.12
3167004,SERRANOS - MG,213.173,265,39,0,2,327,722,6,0,722,1361,53.05,45,ANTONIO ANASTASIA,19.47,2.87,0.00,0.15,24.03,53.05,0.44,0.00
3167103,SERRO - MG,1217.813,4778,104,6,40,1337,2226,85,17,4778,8593,55.60,13,FERNANDO PIMENTEL,55.60,1.21,0.07,0.47,15.56,25.90,0.99,0.20
3167202,SETE LAGOAS - MG,536.928,14453,5682,207,776,45510,30170,1754,222,45510,98774,46.07,30,ROMEU ZEMA,14.63,5.75,0.21,0.79,46.07,30.54,1.78,0.22
3167301,SILVEIRÂNIA - MG,157.456,532,20,3,3,490,781,19,2,781,1850,42.22,45,ANTONIO ANASTASIA,28.76,1.08,0.16,0.16,26.49,42.22,1.03,0.11
3167400,SILVIANÓPOLIS - MG,312.166,419,24,1,5,1077,1421,20,5,1421,2972,47.81,45,ANTONIO ANASTASIA,14.10,0.81,0.03,0.17,36.24,47.81,0.67,0.17
3167509,SIMÃO PEREIRA - MG,135.689,433,36,1,10,588,729,22,2,729,1821,40.03,45,ANTONIO ANASTASIA,23.78,1.98,0.05,0.55,32.29,40.03,1.21,0.11
3167608,SIMONÉSIA - MG,486.543,3541,647,11,26,2306,1930,29,11,3541,8501,41.65,13,FERNANDO PIMENTEL,41.65,7.61,0.13,0.31,27.13,22.70,0.34,0.13
3167707,SOBRÁLIA - MG,206.787,762,199,2,7,612,1114,6,3,1114,2705,41.18,45,ANTONIO ANASTASIA,28.17,7.36,0.07,0.26,22.62,41.18,0.22,0.11
3167806,SOLEDADE DE MINAS - MG,196.866,343,31,1,8,1251,1643,25,3,1643,3305,49.71,45,ANTONIO ANASTASIA,10.38,0.94,0.03,0.24,37.85,49.71,0.76,0.09
3167905,TABULEIRO - MG,211.084,748,29,2,4,791,901,17,1,901,2493,36.14,45,ANTONIO ANASTASIA,30.00,1.16,0.08,0.16,31.73,36.14,0.68,0.04
3168002,TAIOBEIRAS - MG,1220.046,3002,105,5,26,5278,6853,17,8,6853,15294,44.81,45,ANTONIO ANASTASIA,19.63,0.69,0.03,0.17,34.51,44.81,0.11,0.05
3168051,TAPARUBA - MG,193.082,801,32,0,6,506,782,3,1,801,2131,37.59,13,FERNANDO PIMENTEL,37.59,1.50,0.00,0.28,23.74,36.70,0.14,0.05
3168101,TAPIRA - MG,1179.248,148,23,0,1,2159,617,3,5,2159,2956,73.04,30,ROMEU ZEMA,5.01,0.78,0.00,0.03,73.04,20.87,0.10,0.17
3168200,TAPIRAÍ - MG,407.92,203,9,0,1,650,376,7,4,650,1250,52.00,30,ROMEU ZEMA,16.24,0.72,0.00,0.08,52.00,30.08,0.56,0.32
3168309,TAQUARAÇU DE MINAS - MG,329.287,366,124,0,6,633,1661,13,2,1661,2805,59.22,45,ANTONIO ANASTASIA,13.05,4.42,0.00,0.21,22.57,59.22,0.46,0.07
3168408,TARUMIRIM - MG,731.753,2650,70,4,28,1093,2671,12,2,2671,6530,40.90,45,ANTONIO ANASTASIA,40.58,1.07,0.06,0.43,16.74,40.90,0.18,0.03
3168507,TEIXEIRAS - MG,166.735,2140,84,8,19,2047,1396,42,7,2140,5743,37.26,13,FERNANDO PIMENTEL,37.26,1.46,0.14,0.33,35.64,24.31,0.73,0.12
3168606,TEÓFILO OTONI - MG,3242.27,18668,1167,52,196,12224,24370,442,114,24370,57233,42.58,45,ANTONIO ANASTASIA,32.62,2.04,0.09,0.34,21.36,42.58,0.77,0.20
3168705,TIMÓTEO - MG,144.381,6782,626,65,294,19196,9353,563,54,19196,36933,51.98,30,ROMEU ZEMA,18.36,1.69,0.18,0.80,51.98,25.32,1.52,0.15
3168804,TIRADENTES - MG,83.04699999999998,665,201,87,22,1351,1397,95,4,1397,3822,36.55,45,ANTONIO ANASTASIA,17.40,5.26,2.28,0.58,35.35,36.55,2.49,0.10
3168903,TIROS - MG,2091.774,269,28,2,7,1493,1532,1,14,1532,3346,45.79,45,ANTONIO ANASTASIA,8.04,0.84,0.06,0.21,44.62,45.79,0.03,0.42
3169000,TOCANTINS - MG,173.866,1465,126,8,24,4355,2415,67,27,4355,8487,51.31,30,ROMEU ZEMA,17.26,1.48,0.09,0.28,51.31,28.46,0.79,0.32
3169059,TOCOS DO MOJI - MG,114.705,542,17,0,6,830,1140,7,0,1140,2542,44.85,45,ANTONIO ANASTASIA,21.32,0.67,0.00,0.24,32.65,44.85,0.28,0.00
3169109,TOLEDO - MG,136.776,311,24,0,6,557,2598,7,1,2598,3504,74.14,45,ANTONIO ANASTASIA,8.88,0.68,0.00,0.17,15.90,74.14,0.20,0.03
3169208,TOMBOS - MG,285.124,1960,37,2,39,807,1464,31,8,1960,4348,45.08,13,FERNANDO PIMENTEL,45.08,0.85,0.05,0.90,18.56,33.67,0.71,0.18
3169307,TRÊS CORAÇÕES - MG,828.038,4235,644,38,348,17236,11405,441,52,17236,34399,50.11,30,ROMEU ZEMA,12.31,1.87,0.11,1.01,50.11,33.16,1.28,0.15
3169356,TRÊS MARIAS - MG,2678.253,2737,196,24,45,5760,5052,50,16,5760,13880,41.50,30,ROMEU ZEMA,19.72,1.41,0.17,0.32,41.50,36.40,0.36,0.12
3169406,TRÊS PONTAS - MG,689.794,6013,938,19,79,14662,6615,243,31,14662,28600,51.27,30,ROMEU ZEMA,21.02,3.28,0.07,0.28,51.27,23.13,0.85,0.11
3169505,TUMIRITINGA - MG,500.073,1278,57,7,16,869,1124,4,0,1278,3355,38.09,13,FERNANDO PIMENTEL,38.09,1.70,0.21,0.48,25.90,33.50,0.12,0.00
3169604,TUPACIGUARA - MG,1822.53,2502,106,9,22,6646,2577,68,13,6646,11943,55.65,30,ROMEU ZEMA,20.95,0.89,0.08,0.18,55.65,21.58,0.57,0.11
3169703,TURMALINA - MG,1153.111,4499,74,3,22,3471,1562,43,4,4499,9678,46.49,13,FERNANDO PIMENTEL,46.49,0.76,0.03,0.23,35.86,16.14,0.44,0.04
3169802,TURVOLÂNDIA - MG,221.0,561,23,1,7,892,955,6,0,955,2445,39.06,45,ANTONIO ANASTASIA,22.94,0.94,0.04,0.29,36.48,39.06,0.25,0.00
3169901,UBÁ - MG,407.452,8203,823,51,215,26380,8123,532,491,26380,44818,58.86,30,ROMEU ZEMA,18.30,1.84,0.11,0.48,58.86,18.12,1.19,1.10
3170008,UBAÍ - MG,820.524,2366,40,1,8,683,2447,8,3,2447,5556,44.04,45,ANTONIO ANASTASIA,42.58,0.72,0.02,0.14,12.29,44.04,0.14,0.05
3170057,UBAPORANGA - MG,189.045,1491,141,5,40,1707,2412,30,4,2412,5830,41.37,45,ANTONIO ANASTASIA,25.57,2.42,0.09,0.69,29.28,41.37,0.51,0.07
3170107,UBERABA - MG,4523.957,18408,2690,141,537,91256,34100,1548,128,91256,148808,61.32,30,ROMEU ZEMA,12.37,1.81,0.09,0.36,61.32,22.92,1.04,0.09
3170206,UBERLÂNDIA - MG,4115.206,53386,8047,359,1517,190948,49617,5045,465,190948,309384,61.72,30,ROMEU ZEMA,17.26,2.60,0.12,0.49,61.72,16.04,1.63,0.15
3170305,UMBURATIBA - MG,405.834,916,9,0,0,115,570,0,0,916,1610,56.89,13,FERNANDO PIMENTEL,56.89,0.56,0.00,0.00,7.14,35.40,0.00,0.00
3170404,UNAÍ - MG,8445.432,6649,633,23,90,16544,14899,163,33,16544,39034,42.38,30,ROMEU ZEMA,17.03,1.62,0.06,0.23,42.38,38.17,0.42,0.08
3170438,UNIÃO DE MINAS - MG,1147.407,756,5,1,0,1028,317,0,0,1028,2107,48.79,30,ROMEU ZEMA,35.88,0.24,0.05,0.00,48.79,15.05,0.00,0.00
3170479,URUANA DE MINAS - MG,598.221,423,18,1,2,283,1292,2,0,1292,2021,63.93,45,ANTONIO ANASTASIA,20.93,0.89,0.05,0.10,14.00,63.93,0.10,0.00
3170503,URUCÂNIA - MG,138.792,1852,161,5,16,1268,1675,33,3,1852,5013,36.94,13,FERNANDO PIMENTEL,36.94,3.21,0.10,0.32,25.29,33.41,0.66,0.06
3170529,URUCUIA - MG,2076.942,2646,62,0,5,802,1198,5,2,2646,4720,56.06,13,FERNANDO PIMENTEL,56.06,1.31,0.00,0.11,16.99,25.38,0.11,0.04
3170578,VARGEM ALEGRE - MG,116.664,1159,953,0,15,863,511,9,5,1159,3515,32.97,13,FERNANDO PIMENTEL,32.97,27.11,0.00,0.43,24.55,14.54,0.26,0.14
3170602,VARGEM BONITA - MG,409.888,281,8,1,2,551,548,5,3,551,1399,39.39,30,ROMEU ZEMA,20.09,0.57,0.07,0.14,39.39,39.17,0.36,0.21
3170651,VARGEM GRANDE DO RIO PARDO - MG,491.512,496,18,1,5,907,1181,1,1,1181,2610,45.25,45,ANTONIO ANASTASIA,19.00,0.69,0.04,0.19,34.75,45.25,0.04,0.04
3170701,VARGINHA - MG,395.396,8504,1864,73,365,34714,17150,1031,83,34714,63784,54.42,30,ROMEU ZEMA,13.33,2.92,0.11,0.57,54.42,26.89,1.62,0.13
3170750,VARJÃO DE MINAS - MG,651.505,438,12,2,7,2071,1030,5,3,2071,3568,58.04,30,ROMEU ZEMA,12.28,0.34,0.06,0.20,58.04,28.87,0.14,0.08
3170800,VÁRZEA DA PALMA - MG,2220.279,2926,259,53,30,8018,3270,73,16,8018,14645,54.75,30,ROMEU ZEMA,19.98,1.77,0.36,0.20,54.75,22.33,0.50,0.11
3170909,VARZELÂNDIA - MG,814.994,5929,79,4,7,1512,1606,9,10,5929,9156,64.76,13,FERNANDO PIMENTEL,64.76,0.86,0.04,0.08,16.51,17.54,0.10,0.11
3171006,VAZANTE - MG,1913.396,1719,120,3,9,6062,2096,34,7,6062,10050,60.32,30,ROMEU ZEMA,17.10,1.19,0.03,0.09,60.32,20.86,0.34,0.07
3171030,VERDELÂNDIA - MG,1570.582,2699,27,0,6,665,618,4,6,2699,4025,67.06,13,FERNANDO PIMENTEL,67.06,0.67,0.00,0.15,16.52,15.35,0.10,0.15
3171071,VEREDINHA - MG,631.692,1325,24,2,6,637,1119,1,1,1325,3115,42.54,13,FERNANDO PIMENTEL,42.54,0.77,0.06,0.19,20.45,35.92,0.03,0.03
3171105,VERÍSSIMO - MG,1031.823,321,13,3,2,499,852,12,0,852,1702,50.06,45,ANTONIO ANASTASIA,18.86,0.76,0.18,0.12,29.32,50.06,0.71,0.00
3171154,VERMELHO NOVO - MG,115.242,1137,37,1,9,577,1223,9,2,1223,2995,40.83,45,ANTONIO ANASTASIA,37.96,1.24,0.03,0.30,19.27,40.83,0.30,0.07
3171204,VESPASIANO - MG,71.04,10585,3452,91,398,17876,17352,758,186,17876,50698,35.26,30,ROMEU ZEMA,20.88,6.81,0.18,0.79,35.26,34.23,1.50,0.37
3171303,VIÇOSA - MG,299.418,11423,844,43,368,14210,6504,883,39,14210,34314,41.41,30,ROMEU ZEMA,33.29,2.46,0.13,1.07,41.41,18.95,2.57,0.11
3171402,VIEIRAS - MG,112.691,607,10,4,806,449,732,7,0,806,2615,30.82,18,JOÃO BATISTA MARES GUIA,23.21,0.38,0.15,30.82,17.17,27.99,0.27,0.00
3171501,MATHIAS LOBATO - MG,172.297,497,27,1,3,446,851,7,1,851,1833,46.43,45,ANTONIO ANASTASIA,27.11,1.47,0.05,0.16,24.33,46.43,0.38,0.05
3171600,VIRGEM DA LAPA - MG,868.914,3278,43,1,11,530,1636,8,3,3278,5510,59.49,13,FERNANDO PIMENTEL,59.49,0.78,0.02,0.20,9.62,29.69,0.15,0.05
3171709,VIRGÍNIA - MG,326.515,715,38,1,31,1088,2802,19,0,2802,4694,59.69,45,ANTONIO ANASTASIA,15.23,0.81,0.02,0.66,23.18,59.69,0.40,0.00
3171808,VIRGINÓPOLIS - MG,439.878,1812,131,1,13,1391,1057,23,4,1812,4432,40.88,13,FERNANDO PIMENTEL,40.88,2.96,0.02,0.29,31.39,23.85,0.52,0.09
3171907,VIRGOLÂNDIA - MG,281.022,1565,59,2,3,480,538,3,1,1565,2651,59.03,13,FERNANDO PIMENTEL,59.03,2.23,0.08,0.11,18.11,20.29,0.11,0.04
3172004,VISCONDE DO RIO BRANCO - MG,243.351,5040,243,20,59,8590,4505,184,31,8590,18672,46.00,30,ROMEU ZEMA,26.99,1.30,0.11,0.32,46.00,24.13,0.99,0.17
3172103,VOLTA GRANDE - MG,205.552,1155,38,1,7,686,742,16,1,1155,2646,43.65,13,FERNANDO PIMENTEL,43.65,1.44,0.04,0.26,25.93,28.04,0.60,0.04
3172202,WENCESLAU BRAZ - MG,102.487,237,15,2,14,671,915,8,1,915,1863,49.11,45,ANTONIO ANASTASIA,12.72,0.81,0.11,0.75,36.02,49.11,0.43,0.05
